FormID, EditorID, Full, Keywords
0x00001BB4,"UC08_PCM_Toliman_Toliman-II_Prey02","Terrormorph Thrall"
0x00001BB5,"UC08_PCM_Toliman_Toliman-II_Prey01","Terrormorph Thrall"
0x00001BB6,"UC08_PCM_Toliman_Toliman-II_Predator01","Terrormorph Thrall"
0x00001BB7,"UC08_PCM_Toliman_Toliman-II_Predator02","Terrormorph Thrall"
0x00001BB8,"UC08_1stThrall_PCM_Toliman_Toliman-II_Prey02","Terrormorph Thrall"
0x00001BB9,"UC08_1stThrall_PCM_Toliman_Toliman-II_Prey01","Terrormorph Thrall"
0x000065E2,"PCM_Kumasi_Kumasi-I_Critter01",""
0x000065E6,"PCM_Kumasi_Kumasi-I_Critter_02_Flyer",""
0x00023536,"PCM_Bannoc-Prime_Bannoc-Prime-II_Critter02_Floater",""
0x0002353B,"PCM_Bara_Bara-III_Critter03_Flyer",""
0x00027BD9,"UC08_1stThrall_PCM_Toliman_Toliman-II_Prey01a","Terrormorph Thrall"
0x000285D6,"PCM_Toliman_Toliman-II_Prey03",""
0x000285D7,"PCM_Toliman_Toliman-II_Critter01",""
0x0003C4C0,"PCM_Freya_Freya-III_Prey04_Swimmer",""
0x00046C2D,"PCM_Pyraas_Pyraas-II_Critter03",""
0x00048A34,"PCM_Alpha-Centauri_Jemison_Predator04",""
0x00051BDA,"PCM_Eta-Cassiopeia_Cassiopeia-I_Predator02_Boss","Greater Silverfish"
0x0006A361,"UC02_TerrormorphReveal_Ankylosaurus",""
0x0006B55D,"PCM_Masada_Masada-III_Critter02_Swimmer",""
0x000871E0,"CCT_FriendlyLanding_PetCreature","Grumble"
0x0008BDB6,"PCM_Bardeen_Bardeen-III_Critter03_Flyer",""
0x0008BDB7,"PCM_Bardeen_Bardeen-III_Prey05_Swimmer",""
0x0008D0D2,"LC030_EncGryllobaRanged04","Adolescent Grylloba Hunter"
0x0008D0D3,"LC030_EncGryllobaRanged03","Juvenile Grylloba Hunter"
0x0008D0D4,"LC030_EncGryllobaRanged02","Young Grylloba Hunter"
0x0008D0D5,"LC030_EncGryllobaRanged01","Immature Grylloba Hunter"
0x0008D0D6,"LC030_EncGryllobaRanged00_Template","Grylloba Hunter"
0x0008D0D9,"LC030_EncGryllobaMelee04","Adolescent Grylloba"
0x0008D0DA,"LC030_EncGryllobaMelee03","Juvenile Grylloba"
0x0008D0DB,"LC030_EncGryllobaMelee02","Young Grylloba"
0x0008D0DC,"LC030_EncGryllobaMelee01","Immature Grylloba"
0x000D7401,"SEDerelict_EncOctopedeAMaggotCrab01","Immature Ship Maggot"
0x000DB05C,"Template_Stats_Tough_Creature_01",""
0x000DB136,"Template_Stats_Tough_Creature_02",""
0x000DD261,"PCM_Ixyll_Ixyll-II_Predator02",""
0x000E9D14,"LC012_ZooCreature_1","Exotic Creature"
0x000E9D15,"LC012_ZooCreature_2","Exotic Creature"
0x000E9D16,"LC012_ZooCreature_3","Exotic Creature"
0x000EF9A8,"PCM_Ixyll_Ixyll-II_Predator03",""
0x000EF9A9,"PCM_Ixyll_Ixyll-II_Prey04",""
0x0012DF48,"LC180_ParasiticFlyer01","Parasite"
0x00131CD1,"PCM_Marduk_Marduk-IV_Predator04_Swimmer",""
0x00131CD2,"PCM_Marduk_Marduk-IV_Prey04_Swimmer",""
0x00131CD3,"PCM_Zelazny_Zelazny-III_Critter04_Flyer",""
0x00131CD4,"PCM_Zelazny_Zelazny-III_Prey05_Swimmer",""
0x00131CD5,"PCM_Moloch_Moloch-II_Prey04_Swimmer",""
0x00131CD6,"PCM_Cheyenne_Montara-Luna_Prey04_Swimmer",""
0x00131CD7,"PCM_Olympus_Nesoi_Prey04_Swimmer",""
0x00131CD8,"PCM_Nirvana_Nirvana-II_Predator03_Swimmer",""
0x00131CD9,"PCM_Nirvana_Nirvana-II_Prey03_Swimmer",""
0x00131CDA,"PCM_Oborum-Prime_Oborum-I_Critter03_Floater",""
0x00131CDB,"PCM_Oborum-Prime_Oborum-I_Prey04_Swimmer",""
0x00131CDC,"PCM_Valo_Polvo_Predator03_Swimmer",""
0x00131CDD,"PCM_Valo_Polvo_Prey04_Swimmer",""
0x0014098B,"LC012_ZooCreature_4","Exotic Creature"
0x0014098C,"LC012_ZooCreature_5","Exotic Creature"
0x0014098D,"LC012_ZooCreature_6","Exotic Creature"
0x00147125,"SEDerelict_EncOctopedeAMaggotCrab02","Young Ship Maggot"
0x00147126,"SEDerelict_EncOctopedeAMaggotCrab03","Juvenile Ship Maggot"
0x00147127,"SEDerelict_EncOctopedeAMaggotCrab04","Adolescent Ship Maggot"
0x00147128,"SEDerelict_EncOctopedeAMaggotCrab05","Adult Ship Maggot"
0x00154FEE,"SEDerelict_EncOctopedeAMaggotCrab06","Mature Ship Maggot"
0x00154FEF,"SEDerelict_EncOctopedeAMaggotCrab07","Hardened Ship Maggot"
0x00157E3B,"PCM_Khayyam_Khayyam-II_Prey05_Swimmer",""
0x00157E3C,"PCM_Khayyam_Khayyam-II_Critter01_Floater",""
0x00157E3D,"PCM_Kumasi_Kumasi-I_Predator01",""
0x00157E3E,"PCM_Kumasi_Kumasi-I_Predator02",""
0x00157E3F,"PCM_Kumasi_Kumasi-I_Predator03",""
0x00157E40,"PCM_Kumasi_Kumasi-I_Prey01",""
0x00157E41,"PCM_Kumasi_Kumasi-I_Prey02",""
0x00157E42,"PCM_Kumasi_Kumasi-I_Prey03",""
0x00157E43,"PCM_Kumasi_Kumasi-I_Prey04_Swimmer",""
0x00157E44,"PCM_Kumasi_Kumasi-II_Critter03_Flyer",""
0x00157E45,"PCM_Kumasi_Kumasi-II_Prey04_Swimmer",""
0x0015B2F8,"SEDerelict_EncOctopedeAMaggotCrab08","Grizzled Ship Maggot"
0x0015BE25,"PCM_Narion_Sumati_Prey02",""
0x0015F432,"SEDerelict_LvlCorpse",""
0x00170A2A,"PCM_Eta-Cassiopeia_Cassiopeia-I_Predator03",""
0x00170A2B,"PCM_Eta-Cassiopeia_Cassiopeia-I_Prey01",""
0x00170A43,"PCM_Eta-Cassiopeia_Cassiopeia-I_Predator02","Lesser Silverfish"
0x001791AE,"PCM_Eta-Cassiopeia_Cassiopeia-I_Predator01",""
0x001791AF,"PCM_Eta-Cassiopeia_Cassiopeia-I_Critter02",""
0x00179DC4,"PCM_Eta-Cassiopeia_Cassiopeia-I_Critter01",""
0x0018710E,"LC030_EncGryllobaMelee00_Template","Grylloba"
0x00187110,"LC030_EncCotylite00_Template","Cotylite"
0x00187114,"PCM_Kryx_Neebas_Critter02_Floater",""
0x0018711B,"LC030_EncGryllobaQueen01","Immature Grylloba Queen"
0x00187121,"LC030_EncGryllobaQueen00_Template","Grylloba Queen"
0x00187122,"LC030_EncCotylite04","Adolescent Cotylite"
0x00187123,"LC030_EncCotylite03","Juvenile Cotylite"
0x00187124,"LC030_EncCotylite02","Young Cotylite"
0x00187125,"LC030_EncCotylite01","Cotylite Nymph"
0x001933DD,"PCM_Toliman_Toliman-II_Prey02",""
0x001933DE,"PCM_Toliman_Toliman-II_Prey01",""
0x001933DF,"PCM_Toliman_Toliman-II_Predator02",""
0x001933E0,"PCM_Toliman_Toliman-II_Predator01",""
0x001933E1,"PCM_Nirvana_Nirvana-II_Critter02",""
0x001933E2,"PCM_Nirvana_Nirvana-II_Critter01",""
0x001933E3,"PCM_Nirvana_Nirvana-II_Prey02",""
0x001933E4,"PCM_Nirvana_Nirvana-II_Prey01",""
0x001933E5,"PCM_Nirvana_Nirvana-II_Predator02",""
0x001933E6,"PCM_Nirvana_Nirvana-II_Predator01",""
0x001941ED,"PCM_Kryx_Suvorov_Prey01",""
0x00194835,"PCM_Volii_Volii-Alpha_Prey01_Chasmbass","Chasmbass"
0x00194837,"PCM_Volii_Volii-Alpha_Predator01",""
0x00194895,"PCM_Porrima_Porrima-II_Critter01",""
0x00194896,"PCM_Porrima_Porrima-II_Prey03_Swimmer",""
0x00194897,"PCM_Porrima_Porrima-II_Prey02_Flyer",""
0x00194898,"PCM_Porrima_Porrima-II_Prey01",""
0x00194899,"PCM_Porrima_Porrima-II_Predator02_Swimmer",""
0x0019489A,"PCM_Porrima_Porrima-II_Predator01_Flyer",""
0x00195353,"PCM_Valo_Polvo_Critter01",""
0x00195354,"PCM_Valo_Polvo_Prey03",""
0x00195355,"PCM_Valo_Polvo_Prey02",""
0x00195356,"PCM_Valo_Polvo_Prey01",""
0x00195357,"PCM_Valo_Polvo_Predator02",""
0x00195358,"PCM_Valo_Polvo_Predator01",""
0x00196516,"PCM_Narion_Niira_Prey02",""
0x00196517,"PCM_Narion_Niira_Prey01",""
0x00196519,"PCM_Narion_Niira_Predator01","Stalker"
0x00196BAF,"PCM_Porrima_Porrima-III_Critter01",""
0x00196BB0,"PCM_Porrima_Porrima-III_Prey02",""
0x00196BB1,"PCM_Porrima_Porrima-III_Prey01",""
0x00196BB2,"PCM_Porrima_Porrima-III_Predator01","Red Mile Mauler"
0x00197D3F,"PCM_Cheyenne_Montara-Luna_Critter01",""
0x00197D40,"PCM_Cheyenne_Montara-Luna_Prey03",""
0x00197D41,"PCM_Cheyenne_Montara-Luna_Prey02",""
0x00197D42,"PCM_Cheyenne_Montara-Luna_Prey01",""
0x00197D43,"PCM_Cheyenne_Montara-Luna_Predator02",""
0x00197D44,"PCM_Cheyenne_Montara-Luna_Predator01",""
0x0019AA63,"PCM_Alpha-Centauri_Gagarin_Critter01",""
0x0019AA64,"PCM_Alpha-Centauri_Gagarin_Prey03",""
0x0019AA65,"PCM_Alpha-Centauri_Gagarin_Prey02",""
0x0019AA66,"PCM_Alpha-Centauri_Gagarin_Prey01",""
0x0019AA67,"PCM_Alpha-Centauri_Gagarin_Predator02","Prong Wing"
0x0019AA68,"PCM_Alpha-Centauri_Gagarin_Predator01","Dust Devil"
0x0019B1FA,"PCM_Nirah_Kazaal_Critter01",""
0x0019B1FB,"PCM_Nirah_Kazaal_Prey02",""
0x0019B1FC,"PCM_Nirah_Kazaal_Prey01",""
0x0019B1FD,"PCM_Nirah_Kazaal_Predator02",""
0x0019B1FE,"PCM_Nirah_Kazaal_Predator01",""
0x0019B898,"PCM_Alpha-Centauri_Jemison_Critter02",""
0x0019B899,"PCM_Alpha-Centauri_Jemison_Critter01",""
0x0019B89A,"PCM_Alpha-Centauri_Jemison_Prey03",""
0x0019B89B,"PCM_Alpha-Centauri_Jemison_Prey02",""
0x0019B89C,"PCM_Alpha-Centauri_Jemison_Prey01",""
0x0019B89D,"PCM_Alpha-Centauri_Jemison_Predator03",""
0x0019B89E,"PCM_Alpha-Centauri_Jemison_Predator02",""
0x0019B89F,"PCM_Alpha-Centauri_Jemison_Predator01",""
0x0019BD93,"PCM_Freya_Freya-III_Critter01",""
0x0019BD94,"PCM_Freya_Freya-III_Prey03",""
0x0019BD95,"PCM_Freya_Freya-III_Prey02",""
0x0019BD96,"PCM_Freya_Freya-III_Prey01",""
0x0019BD97,"QuadB_Hexohermit_Review",""
0x0019CDA2,"PCM_Tau-Ceti_Tau-Ceti-II_Critter01",""
0x0019CDA3,"PCM_Tau-Ceti_Tau-Ceti-II_Prey02",""
0x0019CDA4,"PCM_Tau-Ceti_Tau-Ceti-II_Prey01",""
0x0019CDA5,"PCM_Tau-Ceti_Tau-Ceti-II_Predator01",""
0x0019E77E,"PCM_Alpha-Centauri_Gagarin_Prey04_Swimmer",""
0x0019E858,"PCM_Alpha-Centauri_Gagarin_Predator03_Swimmer",""
0x001A338F,"InvasivePestCritter01","Xenogrub"
0x001A6170,"PCM_Alpha-Ternion_Ternion-III_Critter02",""
0x001A6171,"PCM_Alpha-Ternion_Ternion-III_Critter01",""
0x001A6172,"PCM_Alpha-Ternion_Ternion-III_Prey04",""
0x001A6173,"PCM_Alpha-Ternion_Ternion-III_Prey03",""
0x001A6174,"PCM_Alpha-Ternion_Ternion-III_Prey02",""
0x001A6175,"PCM_Alpha-Ternion_Ternion-III_Prey01",""
0x001A6176,"PCM_Alpha-Ternion_Ternion-III_Predator03",""
0x001A6177,"PCM_Alpha-Ternion_Ternion-III_Predator02",""
0x001A6178,"PCM_Alpha-Ternion_Ternion-III_Predator01",""
0x001A6347,"PCM_Strix_Strix-I_Critter02",""
0x001A6348,"PCM_Strix_Strix-I_Critter01",""
0x001A6349,"PCM_Strix_Strix-I_Prey03",""
0x001A634B,"PCM_Strix_Strix-I_Prey01",""
0x001A634C,"PCM_Strix_Strix-I_Predator03",""
0x001A634D,"PCM_Strix_Strix-I_Predator02",""
0x001A634E,"PCM_Strix_Strix-I_Predator01",""
0x001A766F,"PCM_Zelazny_Zelazny-II_Critter02",""
0x001A7670,"PCM_Zelazny_Zelazny-II_Critter01",""
0x001A7671,"PCM_Zelazny_Zelazny-II_Prey04",""
0x001A7672,"PCM_Zelazny_Zelazny-II_Prey03",""
0x001A7673,"PCM_Zelazny_Zelazny-II_Prey02",""
0x001A7674,"PCM_Zelazny_Zelazny-II_Prey01",""
0x001A7675,"PCM_Zelazny_Zelazny-II_Predator04",""
0x001A7676,"PCM_Zelazny_Zelazny-II_Predator03",""
0x001A7677,"PCM_Zelazny_Zelazny-II_Predator02",""
0x001A7678,"PCM_Zelazny_Zelazny-II_Predator01",""
0x001A7EAC,"PCM_Serpentis_Serpentis-IV_Critter03",""
0x001A7EAD,"PCM_Serpentis_Serpentis-IV_Critter02",""
0x001A7EAE,"PCM_Serpentis_Serpentis-IV_Critter01",""
0x001A7EAF,"PCM_Serpentis_Serpentis-IV_Prey06",""
0x001A7EB0,"PCM_Serpentis_Serpentis-IV_Prey05",""
0x001A7EB1,"PCM_Serpentis_Serpentis-IV_Prey04",""
0x001A7EB2,"PCM_Serpentis_Serpentis-IV_Prey03",""
0x001A7EB3,"PCM_Serpentis_Serpentis-IV_Prey02",""
0x001A7EB4,"PCM_Serpentis_Serpentis-IV_Prey01",""
0x001A7EB5,"PCM_Serpentis_Serpentis-IV_Predator03",""
0x001A7EB6,"PCM_Serpentis_Serpentis-IV_Predator02",""
0x001A7EB7,"PCM_Serpentis_Serpentis-IV_Predator01",""
0x001A7F77,"PCM_Zeta-Ophiuchi_Zeta-Ophiuchi-I_Critter02",""
0x001A7F78,"PCM_Zeta-Ophiuchi_Zeta-Ophiuchi-I_Critter01",""
0x001A7F79,"PCM_Zeta-Ophiuchi_Zeta-Ophiuchi-I_Prey03",""
0x001A7F7A,"PCM_Zeta-Ophiuchi_Zeta-Ophiuchi-I_Prey02",""
0x001A7F7B,"PCM_Zeta-Ophiuchi_Zeta-Ophiuchi-I_Prey01",""
0x001A7F7C,"PCM_Zeta-Ophiuchi_Zeta-Ophiuchi-I_Predator03",""
0x001A7F7D,"PCM_Zeta-Ophiuchi_Zeta-Ophiuchi-I_Predator02",""
0x001A7F7E,"PCM_Zeta-Ophiuchi_Zeta-Ophiuchi-I_Predator01",""
0x001A8382,"PCM_Schrodinger_Schrodinger-III_Critter02",""
0x001A8384,"PCM_Schrodinger_Schrodinger-III_Critter01",""
0x001A8385,"PCM_Schrodinger_Schrodinger-III_Prey03",""
0x001A838A,"PCM_Schrodinger_Schrodinger-III_Prey02",""
0x001A838B,"PCM_Schrodinger_Schrodinger-III_Prey01",""
0x001A838E,"PCM_Schrodinger_Schrodinger-III_Predator03",""
0x001A838F,"PCM_Schrodinger_Schrodinger-III_Predator02",""
0x001A8392,"PCM_Schrodinger_Schrodinger-III_Predator01",""
0x001A8DC8,"LC113_EncPorrima-III_Predator01_02",""
0x001A8DC9,"LC113_EncPorrima-III_Predator01_09",""
0x001A8DCA,"LC113_EncPorrima-III_Predator01_03",""
0x001A8DCB,"LC113_EncPorrima-III_Predator01_01",""
0x001A8DCD,"LC113_EncPorrima-III_Predator01_04",""
0x001A8DCE,"LC113_EncPorrima-III_Predator01_05",""
0x001A8DCF,"LC113_EncPorrima-III_Predator01_06",""
0x001A8DD0,"LC113_EncPorrima-III_Predator01_07",""
0x001A8DD1,"LC113_EncPorrima-III_Predator01_08",""
0x001A8DD2,"LC113_EncPorrima-III_Predator01_10",""
0x001A8DD3,"LC113_EncPorrima-III_Predator01_11",""
0x001A8FC6,"PCM_Zelazny_Zelazny-III_Critter03",""
0x001A8FC7,"PCM_Zelazny_Zelazny-III_Critter02",""
0x001A8FC8,"PCM_Zelazny_Zelazny-III_Critter01",""
0x001A8FC9,"PCM_Zelazny_Zelazny-III_Prey04",""
0x001A8FCA,"PCM_Zelazny_Zelazny-III_Prey03",""
0x001A8FCB,"PCM_Zelazny_Zelazny-III_Prey02",""
0x001A8FCC,"PCM_Zelazny_Zelazny-III_Prey01",""
0x001A8FCD,"PCM_Zelazny_Zelazny-III_Predator03",""
0x001A8FCE,"PCM_Zelazny_Zelazny-III_Predator02",""
0x001A8FCF,"PCM_Zelazny_Zelazny-III_Predator01",""
0x001A903A,"PCM_Xi-Ophiuchi_Xi-Ophiuchi-VIII-b_Critter01",""
0x001A903B,"PCM_Xi-Ophiuchi_Xi-Ophiuchi-VIII-b_Prey01",""
0x001A903C,"PCM_Xi-Ophiuchi_Xi-Ophiuchi-VIII-b_Predator01",""
0x001A903D,"PCM_Ursae-Majoris_Ursa-Major-II_Critter02",""
0x001A903E,"PCM_Ursae-Majoris_Ursa-Major-II_Critter01",""
0x001A903F,"PCM_Ursae-Majoris_Ursa-Major-II_Prey03",""
0x001A9040,"PCM_Ursae-Majoris_Ursa-Major-II_Prey02",""
0x001A9041,"PCM_Ursae-Majoris_Ursa-Major-II_Prey01",""
0x001A9042,"PCM_Ursae-Majoris_Ursa-Major-II_Predator03",""
0x001A9043,"PCM_Ursae-Majoris_Ursa-Major-II_Predator02",""
0x001A9044,"PCM_Ursae-Majoris_Ursa-Major-II_Predator01",""
0x001A94DA,"PCM_Pyraas_Pyraas-II_Critter02",""
0x001A94DB,"PCM_Pyraas_Pyraas-II_Critter01",""
0x001A94DC,"PCM_Pyraas_Pyraas-II_Prey03",""
0x001A94DD,"PCM_Pyraas_Pyraas-II_Prey02",""
0x001A94DE,"PCM_Pyraas_Pyraas-II_Prey01",""
0x001A94DF,"PCM_Pyraas_Pyraas-II_Predator03",""
0x001A94E0,"PCM_Pyraas_Pyraas-II_Predator02",""
0x001A94E1,"PCM_Pyraas_Pyraas-II_Predator01",""
0x001A9996,"PCM_Shoza_Shoza-III_Critter03",""
0x001A9997,"PCM_Shoza_Shoza-III_Critter02",""
0x001A9998,"PCM_Shoza_Shoza-III_Critter01",""
0x001A9999,"PCM_Shoza_Shoza-III_Prey03",""
0x001A999A,"PCM_Shoza_Shoza-III_Prey02",""
0x001A999B,"PCM_Shoza_Shoza-III_Prey01",""
0x001A999C,"PCM_Shoza_Shoza-III_Predator03",""
0x001A999D,"PCM_Shoza_Shoza-III_Predator02",""
0x001A999E,"PCM_Shoza_Shoza-III_Predator01",""
0x001A999F,"PCM_Shoza_Shoza-II_Critter03",""
0x001A99A0,"PCM_Shoza_Shoza-II_Critter02",""
0x001A99A1,"PCM_Shoza_Shoza-II_Critter01",""
0x001A99A2,"PCM_Shoza_Shoza-II_Prey03",""
0x001A99A3,"PCM_Shoza_Shoza-II_Prey02",""
0x001A99A4,"PCM_Shoza_Shoza-II_Prey01",""
0x001A99A5,"PCM_Shoza_Shoza-II_Predator03",""
0x001A99A6,"PCM_Shoza_Shoza-II_Predator02",""
0x001A9ACA,"PCM_Shoza_Shoza-II_Predator01",""
0x001A9C67,"PCM_Sakharov_Asteroid_PredatorA",""
0x001A9C7F,"PCM_Marduk_Marduk-IV_Critter02",""
0x001A9C80,"PCM_Marduk_Marduk-IV_Critter01",""
0x001A9C81,"PCM_Marduk_Marduk-IV_Prey03",""
0x001A9C82,"PCM_Marduk_Marduk-IV_Prey02",""
0x001A9C83,"PCM_Marduk_Marduk-IV_Prey01",""
0x001A9C84,"PCM_Marduk_Marduk-IV_Predator03",""
0x001A9C85,"PCM_Marduk_Marduk-IV_Predator02",""
0x001A9C86,"PCM_Marduk_Marduk-IV_Predator01",""
0x001AA10E,"PCM_Kumasi_Kumasi-II_Prey03",""
0x001AA10F,"PCM_Kumasi_Kumasi-II_Prey02",""
0x001AA110,"PCM_Kumasi_Kumasi-II_Prey01",""
0x001AA111,"PCM_Kumasi_Kumasi-II_Predator03",""
0x001AA112,"PCM_Kumasi_Kumasi-II_Predator02",""
0x001AA113,"PCM_Kumasi_Kumasi-II_Predator01",""
0x001AD03D,"PCM_Kumasi_Kumasi-II_Critter02",""
0x001AD03E,"PCM_Kumasi_Kumasi-II_Critter01",""
0x001AD18C,"PCM_Hawking_Hawking-I_Critter02",""
0x001AD18D,"PCM_Hawking_Hawking-I_Critter01",""
0x001AD18E,"PCM_Hawking_Hawking-I_Prey03",""
0x001AD18F,"PCM_Hawking_Hawking-I_Prey02",""
0x001AD190,"PCM_Hawking_Hawking-I_Prey01",""
0x001AD191,"PCM_Hawking_Hawking-I_Predator03",""
0x001AD192,"PCM_Hawking_Hawking-I_Predator02",""
0x001AD193,"PCM_Hawking_Hawking-I_Predator01",""
0x001AE4DF,"PCM_Beta-Marae_Beta-Marae-I_Critter02",""
0x001AE4E0,"PCM_Beta-Marae_Beta-Marae-I_Critter01",""
0x001AE4E1,"PCM_Beta-Marae_Beta-Marae-I_Prey05",""
0x001AE4E2,"PCM_Beta-Marae_Beta-Marae-I_Prey04",""
0x001AE4E3,"PCM_Beta-Marae_Beta-Marae-I_Prey03",""
0x001AE4E4,"PCM_Beta-Marae_Beta-Marae-I_Prey02",""
0x001AE4E5,"PCM_Beta-Marae_Beta-Marae-I_Prey01",""
0x001AE4E6,"PCM_Beta-Marae_Beta-Marae-I_Predator03",""
0x001AE4E7,"PCM_Beta-Marae_Beta-Marae-I_Predator02",""
0x001AE4E8,"PCM_Beta-Marae_Beta-Marae-I_Predator01",""
0x001AF637,"CCT_Creature_DR010_03",""
0x001AF638,"CCT_Creature_DR010_02",""
0x001AF63C,"PCM_Bardeen_Bardeen-III_Critter02",""
0x001AF63D,"PCM_Bardeen_Bardeen-III_Critter01",""
0x001AF63E,"PCM_Bardeen_Bardeen-III_Prey04",""
0x001AF63F,"PCM_Bardeen_Bardeen-III_Prey03",""
0x001AF640,"PCM_Bardeen_Bardeen-III_Prey02",""
0x001AF641,"PCM_Bardeen_Bardeen-III_Prey01",""
0x001AF642,"PCM_Bardeen_Bardeen-III_Predator03",""
0x001AF643,"PCM_Bardeen_Bardeen-III_Predator02",""
0x001AF644,"PCM_Bardeen_Bardeen-III_Predator01",""
0x001AF645,"CCT_Creature_DR010_01",""
0x001B003A,"PCM_Volii_Volii-Epsilon_Prey01",""
0x001B0044,"PCM_Lunara_Vesta_Critter02",""
0x001B0045,"PCM_Lunara_Vesta_Critter01",""
0x001B0046,"PCM_Lunara_Vesta_Prey02",""
0x001B0047,"PCM_Lunara_Vesta_Prey01",""
0x001B0048,"PCM_Lunara_Vesta_Predator02",""
0x001B0049,"PCM_Lunara_Vesta_Predator01",""
0x001B034D,"PCM_Verne_Verne-II_Critter02",""
0x001B034E,"PCM_Verne_Verne-II_Critter01",""
0x001B034F,"PCM_Verne_Verne-II_Prey02",""
0x001B0350,"PCM_Verne_Verne-II_Prey01",""
0x001B0351,"PCM_Verne_Verne-II_Predator02",""
0x001B0352,"PCM_Verne_Verne-II_Predator01",""
0x001B0519,"PCM_Zosma_Zosma-V-a_Critter01",""
0x001B051A,"PCM_Zosma_Zosma-V-a_Prey02",""
0x001B051B,"PCM_Zosma_Zosma-V-a_Prey01",""
0x001B051D,"PCM_Zosma_Zosma-V-a_Predator01",""
0x001B0637,"PCM_Vega_Vega-II-C_Critter02",""
0x001B0645,"PCM_Vega_Vega-II-C_Critter01",""
0x001B0646,"PCM_Vega_Vega-II-C_Prey02",""
0x001B0647,"PCM_Vega_Vega-II-C_Prey01",""
0x001B0648,"PCM_Vega_Vega-II-C_Predator02",""
0x001B0649,"PCM_Vega_Vega-II-C_Predator01",""
0x001B064A,"PCM_Ursae-Minoris_Ursa-Minor-II_Critter01",""
0x001B064E,"PCM_Ursae-Minoris_Ursa-Minor-II_Prey02",""
0x001B064F,"PCM_Ursae-Minoris_Ursa-Minor-II_Prey01",""
0x001B0650,"PCM_Ursae-Minoris_Ursa-Minor-II_Predator01",""
0x001B0653,"PCM_Zeta-Ophiuchi_Zeta-Ophiuchi-VI-a_Prey01",""
0x001B0677,"PCM_Zeta-Ophiuchi_Zeta-Ophiuchi-VI-a_Predator01",""
0x001B159A,"PCM_Alpha-Tirna_Tirna-X-A_Prey01",""
0x001B159B,"PCM_Alpha-Tirna_Tirna-X-A_Predator01",""
0x001B159E,"PCM_Tidacha_Tidacha-I_Critter02",""
0x001B159F,"PCM_Tidacha_Tidacha-I_Critter01",""
0x001B15A0,"PCM_Tidacha_Tidacha-I_Prey02",""
0x001B15A1,"PCM_Tidacha_Tidacha-I_Prey01",""
0x001B15A2,"PCM_Tidacha_Tidacha-I_Predator02",""
0x001B15A3,"PCM_Tidacha_Tidacha-I_Predator01",""
0x001B15A4,"PCM_Alpha-Tirna_Tirna-VIII-C_Critter01",""
0x001B15A5,"PCM_Alpha-Tirna_Tirna-VIII-C_Prey02",""
0x001B15A6,"PCM_Alpha-Tirna_Tirna-VIII-C_Prey01",""
0x001B15A7,"PCM_Alpha-Tirna_Tirna-VIII-C_Predator01",""
0x001B15A8,"PCM_Alpha-Tirna_Tirna-II_Critter02",""
0x001B15A9,"PCM_Alpha-Tirna_Tirna-II_Critter01",""
0x001B15AA,"PCM_Alpha-Tirna_Tirna-II_Prey02",""
0x001B15AB,"PCM_Alpha-Tirna_Tirna-II_Prey01",""
0x001B15AC,"PCM_Alpha-Tirna_Tirna-II_Predator02",""
0x001B15AD,"PCM_Alpha-Tirna_Tirna-II_Predator01",""
0x001B1742,"PCM_Rutherford_Rutherford-III_Critter02",""
0x001B1743,"PCM_Rutherford_Rutherford-III_Critter01",""
0x001B1DE1,"PCM_Rutherford_Rutherford-III_Prey03",""
0x001B1DE5,"PCM_Rutherford_Rutherford-III_Prey02",""
0x001B1DE7,"PCM_Rutherford_Rutherford-III_Prey01",""
0x001B1DE9,"PCM_Rutherford_Rutherford-III_Predator02",""
0x001B1DEA,"PCM_Rutherford_Rutherford-III_Predator01",""
0x001B20B6,"PCM_Masada_Masada-III_Critter01",""
0x001B20B7,"PCM_Masada_Masada-III_Prey03",""
0x001B20B8,"PCM_Masada_Masada-III_Prey02",""
0x001B20BA,"PCM_Masada_Masada-III_Prey01",""
0x001B218B,"PCM_Masada_Masada-III_Predator02",""
0x001B218C,"PCM_Masada_Masada-III_Predator01",""
0x001B4C03,"PCM_Tau-Ceti_Tau-Ceti-VIII-B_Critter02",""
0x001B4C04,"PCM_Tau-Ceti_Tau-Ceti-VIII-B_Critter01",""
0x001B4C05,"PCM_Tau-Ceti_Tau-Ceti-VIII-B_Prey02",""
0x001B4C06,"PCM_Tau-Ceti_Tau-Ceti-VIII-B_Prey01",""
0x001B4C07,"PCM_Tau-Ceti_Tau-Ceti-VIII-B_Predator02",""
0x001B4C08,"PCM_Tau-Ceti_Tau-Ceti-VIII-B_Predator01",""
0x001B4E75,"PCM_Syrma_Syrma-VII-A_Critter01",""
0x001B4E76,"PCM_Syrma_Syrma-VII-A_Prey01",""
0x001B4E77,"PCM_Syrma_Syrma-VII-A_Predator01",""
0x001B70D5,"PCM_Syrma_Syrma-IV_Critter01",""
0x001B70D6,"PCM_Syrma_Syrma-IV_Prey01",""
0x001B70D7,"PCM_Syrma_Syrma-IV_Predator01",""
0x001B70D8,"PCM_Syrma_Syrma-III_Critter01",""
0x001B70D9,"PCM_Syrma_Syrma-III_Prey01",""
0x001B70DA,"PCM_Syrma_Syrma-III_Predator01",""
0x001BAC22,"PCM_Narion_Sumati_Critter01",""
0x001BAC23,"PCM_Narion_Sumati_Prey01",""
0x001BAC24,"PCM_Narion_Sumati_Predator01",""
0x001BB05F,"PCM_Rivera_Rivera-I_Critter02",""
0x001BB060,"PCM_Rivera_Rivera-I_Critter01",""
0x001BB061,"PCM_Rivera_Rivera-I_Predator04",""
0x001BB062,"PCM_Rivera_Rivera-I_Predator03",""
0x001BB063,"PCM_Rivera_Rivera-I_Predator02",""
0x001BB064,"PCM_Rivera_Rivera-I_Predator01",""
0x001BB95C,"PCM_Sparta_Sparta-IV_Critter02",""
0x001BB95D,"PCM_Sparta_Sparta-IV_Critter01",""
0x001BB95E,"PCM_Sparta_Sparta-IV_Prey02",""
0x001BB95F,"PCM_Sparta_Sparta-IV_Prey01",""
0x001BB960,"PCM_Sparta_Sparta-IV_Predator02",""
0x001BB961,"PCM_Sparta_Sparta-IV_Predator01",""
0x001BE894,"PCM_Volii_Volii-Epsilon_Critter01",""
0x001BEAD2,"PCM_Rasalhague_Rasalhague-II_Prey02",""
0x001BEAD3,"PCM_Rasalhague_Rasalhague-II_Prey01",""
0x001BEAD7,"PCM_Rasalhague_Rasalhague-II_Predator01",""
0x001BEE0D,"PCM_Rana_Rana-VI-a_Prey02",""
0x001BEE0E,"PCM_Rana_Rana-VI-a_Prey01",""
0x001BEE0F,"PCM_Rana_Rana-VI-a_Predator02",""
0x001BEE10,"PCM_Rana_Rana-VI-a_Predator01",""
0x001BFE8F,"PCM_Rana_Rana-IV_Critter01",""
0x001BFE90,"PCM_Rana_Rana-IV_Predator02",""
0x001BFE91,"PCM_Rana_Rana-IV_Prey01",""
0x001BFE92,"PCM_Rana_Rana-IV_Predator01",""
0x001C067F,"PCM_Rana_Rana-III_Predator03",""
0x001C0680,"PCM_Rana_Rana-III_Predator02",""
0x001C0681,"PCM_Rana_Rana-III_Predator01",""
0x001C0682,"PCM_Rana_Rana-III_Critter01",""
0x001C0683,"PCM_Rana_Rana-III_Prey04",""
0x001C0684,"PCM_Rana_Rana-III_Prey03",""
0x001C0685,"PCM_Rana_Rana-III_Prey02",""
0x001C0686,"PCM_Rana_Rana-III_Prey01",""
0x001C0F2A,"PCM_Sparta_Sparta-III_Critter01",""
0x001C0F2B,"PCM_Sparta_Sparta-III_Prey01",""
0x001C0F2C,"PCM_Sparta_Sparta-III_Predator01",""
0x001C0F2D,"PCM_Shoza_Shoza-IV_Critter01",""
0x001C0F2E,"PCM_Shoza_Shoza-IV_Prey01",""
0x001C0F2F,"PCM_Shoza_Shoza-IV_Predator01",""
0x001C15F3,"PCM_Pyraas_Pyraas-VIII-a_Predator01",""
0x001C15F4,"PCM_Pyraas_Pyraas-VIII-a_Prey01",""
0x001C1F6E,"PCM_Proxima-Ternion_Proxima-Ternion-IV_Critter01",""
0x001C1F6F,"PCM_Proxima-Ternion_Proxima-Ternion-IV_Predator01",""
0x001C23F7,"PCM_Serpentis_Serpentis-III_Critter01",""
0x001C23F8,"PCM_Serpentis_Serpentis-III_Prey03",""
0x001C23F9,"PCM_Serpentis_Serpentis-III_Prey02",""
0x001C23FA,"PCM_Serpentis_Serpentis-III_Prey01",""
0x001C23FB,"PCM_Serpentis_Serpentis-III_Predator01",""
0x001C23FC,"PCM_Serpentis_Serpentis-II_Critter01",""
0x001C23FD,"PCM_Serpentis_Serpentis-II_Prey01",""
0x001C23FE,"PCM_Serpentis_Serpentis-II_Predator01",""
0x001C2AE0,"PCM_Proxima-Ternion_Proxima-Ternion-III_Critter01",""
0x001C2AE1,"PCM_Proxima-Ternion_Proxima-Ternion-III_Prey02",""
0x001C2AE2,"PCM_Proxima-Ternion_Proxima-Ternion-III_Prey01",""
0x001C2AE3,"PCM_Proxima-Ternion_Proxima-Ternion-III_Predator02",""
0x001C2AE4,"PCM_Proxima-Ternion_Proxima-Ternion-III_Predator01",""
0x001C2FC0,"PCM_Procyon-A_Procyon-III_Critter02_Floater",""
0x001C2FC1,"PCM_Procyon-A_Procyon-III_Critter01",""
0x001C2FC2,"PCM_Procyon-A_Procyon-III_Prey03",""
0x001C2FC3,"PCM_Procyon-A_Procyon-III_Prey02",""
0x001C2FC4,"PCM_Procyon-A_Procyon-III_Prey01",""
0x001C2FC5,"PCM_Procyon-A_Procyon-III_Predator03",""
0x001C2FC6,"PCM_Procyon-A_Procyon-III_Predator02",""
0x001C2FC7,"PCM_Procyon-A_Procyon-III_Predator01",""
0x001C334A,"PCM_Porrima_Porrima-IV-c_Critter01",""
0x001C334B,"PCM_Porrima_Porrima-IV-c_Prey01",""
0x001C334C,"PCM_Porrima_Porrima-IV-c_Predator01",""
0x001C3D04,"PCM_Schrodinger_Schrodinger-VIII-a_Critter01",""
0x001C3D05,"PCM_Schrodinger_Schrodinger-VIII-a_Prey01",""
0x001C43D7,"PCM_Schrodinger_Schrodinger-VIII-a_Predator01",""
0x001C48CA,"PCM_Schrodinger_Schrodinger-IV_Critter01",""
0x001C48CB,"PCM_Schrodinger_Schrodinger-IV_Prey01",""
0x001C48CC,"PCM_Schrodinger_Schrodinger-IV_Predator01",""
0x001C48CD,"PCM_Oborum-Prime_Oborum-I_Prey03",""
0x001C48CE,"PCM_Oborum-Prime_Oborum-I_Predator02",""
0x001C48CF,"PCM_Piazzi_Piazzi-IV-c_Predator03",""
0x001C48D0,"PCM_Piazzi_Piazzi-IV-c_Prey01",""
0x001C48D1,"PCM_Piazzi_Piazzi-IV-c_Predator02",""
0x001C48D2,"PCM_Piazzi_Piazzi-IV-c_Predator01",""
0x001C48EA,"PCM_Moloch_Moloch-II_Critter03",""
0x001C48EB,"PCM_Moloch_Moloch-II_Critter02_Floater",""
0x001C48EC,"PCM_Moloch_Moloch-II_Critter01",""
0x001C48ED,"PCM_Moloch_Moloch-II_Prey03",""
0x001C48EE,"PCM_Moloch_Moloch-II_Prey02",""
0x001C48EF,"PCM_Moloch_Moloch-II_Prey01",""
0x001C48F0,"PCM_Moloch_Moloch-II_Predator03",""
0x001C48F1,"PCM_Moloch_Moloch-II_Predator02",""
0x001C48F2,"PCM_Moloch_Moloch-II_Predator01",""
0x001C50E2,"PCM_Oborum-Prime_Oborum-I_Critter02",""
0x001C50E3,"PCM_Oborum-Prime_Oborum-I_Critter01",""
0x001C50E4,"PCM_Oborum-Prime_Oborum-I_Prey02",""
0x001C50E5,"PCM_Oborum-Prime_Oborum-I_Prey01",""
0x001C50E6,"PCM_Oborum-Prime_Oborum-I_Predator01",""
0x001C6940,"PCM_McClure_McClure-II_Critter01",""
0x001C6941,"PCM_McClure_McClure-II_Prey02",""
0x001C6942,"PCM_McClure_McClure-II_Prey01",""
0x001C6943,"PCM_McClure_McClure-II_Predator01",""
0x001C6944,"PCM_Newton_Newton-III_Critter01",""
0x001C6945,"PCM_Newton_Newton-III_Prey01",""
0x001C6946,"PCM_Newton_Newton-III_Predator01",""
0x001C6947,"PCM_Newton_Newton-II_Critter02",""
0x001C6948,"PCM_Newton_Newton-II_Critter01",""
0x001C6949,"PCM_Newton_Newton-II_Prey03",""
0x001C694A,"PCM_Newton_Newton-II_Prey02",""
0x001C694B,"PCM_Newton_Newton-II_Prey01",""
0x001C694C,"PCM_Newton_Newton-II_Predator02",""
0x001C694D,"PCM_Newton_Newton-II_Predator01",""
0x001C7188,"PCM_Delta-Pavonis_Magnar_Critter01",""
0x001C7189,"PCM_Delta-Pavonis_Magnar_Predator03",""
0x001C718A,"PCM_Delta-Pavonis_Magnar_Prey02",""
0x001C718B,"PCM_Delta-Pavonis_Magnar_Prey01",""
0x001C718C,"PCM_Delta-Pavonis_Magnar_Predator02",""
0x001C718D,"PCM_Delta-Pavonis_Magnar_Predator01",""
0x001C7402,"PCM_Maal_Maal-V_Critter01",""
0x001C7403,"PCM_Maal_Maal-V_Prey02",""
0x001C7404,"PCM_Maal_Maal-V_Prey01",""
0x001C7405,"PCM_Maal_Maal-V_Predator02",""
0x001C7406,"PCM_Maal_Maal-V_Predator01",""
0x001C7DFE,"PCM_Olympus_Nesoi_Critter01",""
0x001C7DFF,"PCM_Olympus_Nesoi_Prey03",""
0x001C7E00,"PCM_Olympus_Nesoi_Prey02",""
0x001C7E01,"PCM_Olympus_Nesoi_Prey01",""
0x001C7E02,"PCM_Olympus_Nesoi_Predator03",""
0x001C7E03,"PCM_Olympus_Nesoi_Predator02",""
0x001C7E04,"PCM_Olympus_Nesoi_Predator01",""
0x001C7E05,"PCM_Nemeria_Nemeria-IV-a_Critter01",""
0x001C7E06,"PCM_Nemeria_Nemeria-IV-a_Prey01",""
0x001C7E07,"PCM_Nemeria_Nemeria-IV-a_Predator01",""
0x001C801D,"PCM_Maal_Maal-IX-b_Critter01",""
0x001C801E,"PCM_Maal_Maal-IX-b_Predator01",""
0x001C80FC,"PCM_Maal_Maal-IV_Critter01",""
0x001C80FD,"PCM_Maal_Maal-IV_Prey02",""
0x001C80FE,"PCM_Maal_Maal-IV_Prey01",""
0x001C80FF,"PCM_Maal_Maal-IV_Predator01",""
0x001C9AC9,"PCM_Porrima_Porrima-IV-c_Critter02_Floater",""
0x001C9ACA,"PCM_Procyon-A_Procyon-III_Predator04_Swimmer",""
0x001C9ACB,"PCM_Procyon-A_Procyon-III_Prey04_Swimmer",""
0x001C9ACC,"PCM_Rana_Rana-III_Critter02_Floater",""
0x001C9ACD,"PCM_Rana_Rana-III_Prey05_Swimmer",""
0x001CB790,"PCM_Nemeria_Nemeria-II_Critter01",""
0x001CB791,"PCM_Nemeria_Nemeria-II_Prey02",""
0x001CB792,"PCM_Nemeria_Nemeria-II_Prey01",""
0x001CB793,"PCM_Nemeria_Nemeria-II_Predator01",""
0x001CBC8A,"PCM_Kryx_Neebas_Critter01",""
0x001CBC8B,"PCM_Kryx_Neebas_Prey01",""
0x001CBC8C,"PCM_Kryx_Neebas_Predator01",""
0x001CBCAD,"PCM_Leviathan_Leviathan-IV_Critter02",""
0x001CBCAE,"PCM_Leviathan_Leviathan-IV_Critter01",""
0x001CBCAF,"PCM_Leviathan_Leviathan-IV_Prey02",""
0x001CBCB0,"PCM_Leviathan_Leviathan-IV_Prey01_Swimmer",""
0x001CBCB1,"PCM_Leviathan_Leviathan-IV_Predator01",""
0x001CCAEA,"PCM_Linnaeus_Linnaeus-II_Critter01",""
0x001CCAEB,"PCM_Linnaeus_Linnaeus-II_Prey02",""
0x001CCAEC,"PCM_Linnaeus_Linnaeus-II_Prey01",""
0x001CF18C,"PCM_Leonis_Leonis-V_Critter01",""
0x001CF18D,"PCM_Leonis_Leonis-V_Prey02",""
0x001CF18E,"PCM_Leonis_Leonis-V_Prey01",""
0x001CF18F,"PCM_Leonis_Leonis-V_Predator01",""
0x001CF572,"PCM_Leonis_Leonis-IV_Critter01",""
0x001CF573,"PCM_Leonis_Leonis-IV_Prey01",""
0x001CF574,"PCM_Leonis_Leonis-IV_Predator02",""
0x001CF575,"PCM_Leonis_Leonis-IV_Predator01",""
0x001D064E,"PCM_Muphrid_Muphrid-V-B_Critter01",""
0x001D064F,"PCM_Muphrid_Muphrid-V-B_Prey02_Swimmer",""
0x001D0650,"PCM_Muphrid_Muphrid-V-B_Prey01",""
0x001D065D,"PCM_Muphrid_Muphrid-V-B_Predator01",""
0x001D065E,"PCM_Muphrid_Muphrid-IV_Critter02",""
0x001D065F,"PCM_Muphrid_Muphrid-IV_Critter01",""
0x001D06EE,"PCM_Muphrid_Muphrid-IV_Prey03_Swimmer",""
0x001D06EF,"PCM_Muphrid_Muphrid-IV_Prey02",""
0x001D0708,"PCM_Muphrid_Muphrid-IV_Prey01",""
0x001D0709,"PCM_Muphrid_Muphrid-IV_Predator02",""
0x001D070A,"PCM_Muphrid_Muphrid-IV_Predator01",""
0x001D070B,"PCM_Jaffa_Jaffa-III_Critter01",""
0x001D070C,"PCM_Jaffa_Jaffa-III_Prey02",""
0x001D0714,"PCM_Jaffa_Jaffa-III_Prey01",""
0x001D0719,"PCM_Jaffa_Jaffa-III_Predator02",""
0x001D0732,"PCM_Jaffa_Jaffa-III_Predator01",""
0x001D0734,"PCM_Jaffa_Jaffa-II_Critter01",""
0x001D0735,"PCM_Jaffa_Jaffa-II_Prey01",""
0x001D0738,"PCM_Jaffa_Jaffa-II_Predator01",""
0x001D074F,"PCM_Ixyll_Ixyll-III-b_Critter02",""
0x001D0758,"PCM_Ixyll_Ixyll-III-b_Critter01",""
0x001D0762,"PCM_Ixyll_Ixyll-III-b_Prey02",""
0x001D0767,"PCM_Ixyll_Ixyll-III-b_Prey01",""
0x001D076C,"PCM_Ixyll_Ixyll-III-b_Predator02",""
0x001D0770,"PCM_Ixyll_Ixyll-III-b_Predator01",""
0x001D0780,"PCM_Ixyll_Ixyll-II_Critter02",""
0x001D0781,"PCM_Ixyll_Ixyll-II_Critter01",""
0x001D0782,"PCM_Ixyll_Ixyll-II_Prey03",""
0x001D0783,"PCM_Ixyll_Ixyll-II_Prey02",""
0x001D0784,"PCM_Ixyll_Ixyll-II_Prey01",""
0x001D0785,"PCM_Ixyll_Ixyll-II_Predator01",""
0x001D07E6,"PCM_Indum_Indum-II_Critter01",""
0x001D07E7,"PCM_Indum_Indum-II_Prey01",""
0x001D07E8,"PCM_Indum_Indum-II_Predator01",""
0x001D2FA0,"PCM_Leonis_Leonis-III_Critter02",""
0x001D2FA1,"PCM_Leonis_Leonis-III_Critter01",""
0x001D2FA2,"PCM_Leonis_Leonis-III_Prey03",""
0x001D2FA3,"PCM_Leonis_Leonis-III_Prey02",""
0x001D2FA4,"PCM_Leonis_Leonis-III_Prey01",""
0x001D2FA5,"PCM_Leonis_Leonis-III_Predator02",""
0x001D2FA6,"PCM_Leonis_Leonis-III_Predator01",""
0x001D301F,"PCM_Lantana_Lantana-VIII-b_Critter01",""
0x001D3020,"PCM_Lantana_Lantana-VIII-b_Prey01",""
0x001D3D1D,"PCM_Lantana_Lantana-IV_Critter01",""
0x001D3D1E,"PCM_Lantana_Lantana-IV_Prey01",""
0x001D3D1F,"PCM_Lantana_Lantana-IV_Predator01",""
0x001D446B,"Template_Stats_Tough_Creature_03",""
0x001D50E1,"PCM_Lantana_Lantana-III_Critter01",""
0x001D50E2,"PCM_Lantana_Lantana-III_Predator03",""
0x001D50E3,"PCM_Lantana_Lantana-III_Prey02",""
0x001D50E4,"PCM_Lantana_Lantana-III_Prey01",""
0x001D50E5,"PCM_Lantana_Lantana-III_Predator02",""
0x001D50E6,"PCM_Lantana_Lantana-III_Predator01",""
0x001D5137,"PCM_Kumasi_Kumasi-III_Critter01",""
0x001D5138,"PCM_Kumasi_Kumasi-III_Prey02",""
0x001D5139,"PCM_Kumasi_Kumasi-III_Prey01",""
0x001D513A,"PCM_Kumasi_Kumasi-III_Predator01",""
0x001D5A2F,"PCM_Khayyam_Khayyam-II_Prey04",""
0x001D5A30,"PCM_Khayyam_Khayyam-II_Predator03",""
0x001D5A9A,"PCM_Hyla_Hyla-II_Critter02",""
0x001D5A9B,"PCM_Hyla_Hyla-II_Critter01",""
0x001D5A9C,"PCM_Hyla_Hyla-II_Prey04_Swimmer",""
0x001D5A9D,"PCM_Hyla_Hyla-II_Prey03",""
0x001D5A9E,"PCM_Hyla_Hyla-II_Prey02",""
0x001D5A9F,"PCM_Hyla_Hyla-II_Prey01",""
0x001D5AA1,"PCM_Hyla_Hyla-II_Predator02",""
0x001D5AA3,"PCM_Hyla_Hyla-II_Predator01",""
0x001D5F36,"PCM_Khayyam_Khayyam-II_Prey03",""
0x001D5F37,"PCM_Khayyam_Khayyam-II_Prey02",""
0x001D5F38,"PCM_Khayyam_Khayyam-II_Prey01",""
0x001D5F39,"PCM_Khayyam_Khayyam-II_Predator02",""
0x001D5F3A,"PCM_Khayyam_Khayyam-II_Predator01",""
0x001D6B6D,"PCM_Huygens_Huygens-VII-b_CritterA",""
0x001D6B6E,"PCM_Huygens_Huygens-VII-b_PreyA",""
0x001D6B6F,"PCM_Huygens_Huygens-VII-b_PredatorA",""
0x001D6B7D,"PCM_Huygens_Huygens-IV_CritterA",""
0x001D6B7E,"PCM_Huygens_Huygens-IV_PreyB",""
0x001D6B7F,"PCM_Huygens_Huygens-IV_PreyA",""
0x001D6B80,"PCM_Huygens_Huygens-IV_PredatorA",""
0x001D7BC0,"PCM_Kang_Kang-VIII-c_Critter01",""
0x001D7BC1,"PCM_Katydid_Katydid-I-a_Critter01",""
0x001D7BC2,"PCM_Katydid_Katydid-I-a_Prey02",""
0x001D7BC3,"PCM_Katydid_Katydid-I-a_Prey01",""
0x001D7BC4,"PCM_Katydid_Katydid-I-a_Predator01",""
0x001D7BEB,"PCM_Heisenberg_Heisenberg-II_CritterB",""
0x001D7BEC,"PCM_Heisenberg_Heisenberg-II_CritterA",""
0x001D7BED,"PCM_Heisenberg_Heisenberg-II_PreyB",""
0x001D7BEE,"PCM_Heisenberg_Heisenberg-II_PreyA",""
0x001D7BEF,"PCM_Heisenberg_Heisenberg-II_PredatorB",""
0x001D7BF0,"PCM_Heisenberg_Heisenberg-II_PredatorA",""
0x001D8423,"PCM_Heinlein_Heinlein-VI-a_Critter01",""
0x001D8424,"PCM_Heinlein_Heinlein-VI-a_Prey01",""
0x001D8425,"PCM_Heinlein_Heinlein-VI-a_Predator01",""
0x001D871A,"PCM_Heinlein_Heinlein-IV-b_CritterA",""
0x001D871B,"PCM_Heinlein_Heinlein-IV-b_PreyA",""
0x001D871C,"PCM_Heinlein_Heinlein-IV-b_Predator01",""
0x001D871D,"PCM_Gamma-Vulpes_Gamma-Vulpes-II-a_CritterB",""
0x001D871E,"PCM_Gamma-Vulpes_Gamma-Vulpes-II-a_CritterA",""
0x001D871F,"PCM_Gamma-Vulpes_Gamma-Vulpes-II-a_PreyB",""
0x001D8720,"PCM_Gamma-Vulpes_Gamma-Vulpes-II-a_PreyA",""
0x001D8721,"PCM_Gamma-Vulpes_Gamma-Vulpes-II-a_PredatorB",""
0x001D8722,"PCM_Gamma-Vulpes_Gamma-Vulpes-II-a_PredatorA",""
0x001D9478,"PCM_Gamma-Vulpes_Gamma-Vulpes-I_CritterB",""
0x001D9479,"PCM_Gamma-Vulpes_Gamma-Vulpes-I_CritterA",""
0x001D947A,"PCM_Gamma-Vulpes_Gamma-Vulpes-I_PreyC",""
0x001D947B,"PCM_Gamma-Vulpes_Gamma-Vulpes-I_PreyB",""
0x001D947C,"PCM_Gamma-Vulpes_Gamma-Vulpes-I_PreyA",""
0x001D947D,"PCM_Gamma-Vulpes_Gamma-Vulpes-I_PredatorB",""
0x001D947E,"PCM_Gamma-Vulpes_Gamma-Vulpes-I_PredatorA",""
0x001D9527,"PCM_Freya_Freya-IX-b_CritterA",""
0x001D9528,"PCM_Freya_Freya-IX-b_PreyA",""
0x001D9529,"PCM_Freya_Freya-IX-b_PredatorA",""
0x001D952A,"PCM_Kang_Kang-III_Prey01",""
0x001D952B,"PCM_Kang_Kang-III_Predator03",""
0x001D952C,"PCM_Kang_Kang-III_Predator02",""
0x001D952D,"PCM_Kang_Kang-III_Predator01",""
0x001D9DB2,"PCM_Jaffa_Jaffa-IV_Predator02","Lesser Jaffa Lizard"
0x001D9DB3,"PCM_Jaffa_Jaffa-IV_Predator01","Greater Jaffa Lizard"
0x001DBAE4,"PCM_Huygens_Huygens-III_CritterB",""
0x001DBAE5,"PCM_Huygens_Huygens-III_CritterA",""
0x001DBAE6,"PCM_Huygens_Huygens-III_PreyC",""
0x001DBAE7,"PCM_Huygens_Huygens-III_PreyB",""
0x001DBAE8,"PCM_Huygens_Huygens-III_PreyA",""
0x001DBAE9,"PCM_Huygens_Huygens-III_PredatorC",""
0x001DBAEA,"PCM_Huygens_Huygens-III_PredatorB",""
0x001DBAEB,"PCM_Huygens_Huygens-III_PredatorA",""
0x001DBCE3,"PCM_Guniibuu_Guniibuu-VI-b_Critter01",""
0x001DBCE4,"PCM_Guniibuu_Guniibuu-VI-b_Prey02_Swimmer",""
0x001DBCE5,"PCM_Guniibuu_Guniibuu-VI-b_Prey01",""
0x001DBCE6,"PCM_Guniibuu_Guniibuu-VI-b_Predator01",""
0x001DC4A8,"PCM_Guniibuu_Guniibuu-II_Critter02",""
0x001DC4A9,"PCM_Guniibuu_Guniibuu-II_Critter01",""
0x001DC4AA,"PCM_Guniibuu_Guniibuu-II_Prey03",""
0x001DC4AB,"PCM_Guniibuu_Guniibuu-II_Prey02",""
0x001DC4AC,"PCM_Guniibuu_Guniibuu-II_Prey01",""
0x001DC4AD,"PCM_Guniibuu_Guniibuu-II_Predator02",""
0x001DC4AE,"PCM_Guniibuu_Guniibuu-II_Predator01",""
0x001DCAEB,"PCM_Foucault_Foucault-II_CritterA",""
0x001DCAEC,"PCM_Foucault_Foucault-II_PreyA",""
0x001DCAED,"PCM_Foucault_Foucault-II_PredatorA",""
0x001DCAEE,"PCM_Feynman_Feynman-IV_CritterA",""
0x001DCAEF,"PCM_Feynman_Feynman-IV_PreyA",""
0x001DCAF0,"PCM_Feynman_Feynman-IV_PredatorA",""
0x001DDAE8,"PCM_Feynman_Feynman-III_CritterB",""
0x001DDAE9,"PCM_Feynman_Feynman-III_CritterA",""
0x001DDAEA,"PCM_Feynman_Feynman-III_PreyB",""
0x001DDAEB,"PCM_Feynman_Feynman-III_PreyA",""
0x001DDAEC,"PCM_Feynman_Feynman-III_PredatorB",""
0x001DDAED,"PCM_Feynman_Feynman-III_PredatorA",""
0x001DE40D,"PCM_Groombridge_Groombridge-VIII-a_Critter01",""
0x001DE40E,"PCM_Groombridge_Groombridge-VIII-a_Prey02",""
0x001DE40F,"PCM_Groombridge_Groombridge-VIII-a_Prey01",""
0x001DE410,"PCM_Groombridge_Groombridge-VIII-a_Predator02",""
0x001DE411,"PCM_Groombridge_Groombridge-VIII-a_Predator01",""
0x001DF4F6,"PCM_Feynman_Feynman-I_CritterA",""
0x001DF4F7,"PCM_Feynman_Feynman-I_PreyA",""
0x001DF4F8,"PCM_Feynman_Feynman-I_PredatorA_Crag_Sprinter","Crag Sprinter"
0x001DF841,"PCM_Fermi_Fermi-VII-a_CritterA",""
0x001DF842,"PCM_Fermi_Fermi-VII-a_PreyA",""
0x001DF843,"PCM_Fermi_Fermi-VII-a_PredatorA",""
0x001DF884,"PCM_Eta-Cassiopeia_Eta-Cassiopeia-IV-a_Critter01",""
0x001DF885,"PCM_Eta-Cassiopeia_Eta-Cassiopeia-IV-a_Prey02",""
0x001DF886,"PCM_Eta-Cassiopeia_Eta-Cassiopeia-IV-a_Prey01",""
0x001DF887,"PCM_Eta-Cassiopeia_Eta-Cassiopeia-IV-a_Predator01",""
0x001E064C,"PCM_Fermi_Fermi-III_CritterB",""
0x001E064F,"PCM_Fermi_Fermi-III_CritterA",""
0x001E069F,"PCM_Fermi_Fermi-III_PreyB",""
0x001E06E5,"PCM_Fermi_Fermi-III_PreyA",""
0x001E07A6,"PCM_Fermi_Fermi-III_PredatorB",""
0x001E07AB,"PCM_Fermi_Fermi-III_PredatorA",""
0x001E07BD,"PCM_Eridani_Eridani-II_CritterB",""
0x001E07BE,"PCM_Eridani_Eridani-II_CritterA",""
0x001E07BF,"PCM_Eridani_Eridani-II_PreyB",""
0x001E07C0,"PCM_Eridani_Eridani-II_PreyA",""
0x001E07C1,"PCM_Eridani_Eridani-II_PredatorB",""
0x001E07C2,"PCM_Eridani_Eridani-II_PredatorA",""
0x001E08F4,"PCM_Eridani_Eridani-IV_CritterA",""
0x001E08F5,"PCM_Eridani_Eridani-IV_PreyA",""
0x001E08F6,"PCM_Eridani_Eridani-IV_PredatorA",""
0x001E2614,"PCM_Enlil_EnlilII_CritterB",""
0x001E2615,"PCM_Enlil_EnlilII_CritterA",""
0x001E2616,"PCM_Enlil_EnlilII_PredatorB",""
0x001E2617,"PCM_Enlil_EnlilII_PredatorA",""
0x001E2618,"PCM_Enlil_EnlilII_PreyB",""
0x001E2619,"PCM_Enlil_EnlilII_PreyA",""
0x001E2807,"PCM_Bradbury_Bradbury-IV_Critter01",""
0x001E2808,"PCM_Bradbury_Bradbury-IV_Prey02",""
0x001E2809,"PCM_Bradbury_Bradbury-IV_Prey01",""
0x001E280A,"PCM_Bradbury_Bradbury-IV_Predator01",""
0x001E2871,"PCM_Bara_Bara-II-Prey01",""
0x001E292B,"PCM_Enlil_Enlil_I_a_CritterA",""
0x001E293B,"PCM_Bardeen_Bardeen-V-c_Prey02",""
0x001E293C,"PCM_Bardeen_Bardeen-V-c_Critter01",""
0x001E293D,"PCM_Bardeen_Bardeen-V-c_Prey01",""
0x001E293E,"PCM_Bardeen_Bardeen-V-c_Predator01",""
0x001E2948,"PCM_Enlil_Enlil_I_a_PreyA",""
0x001E2949,"PCM_Enlil_Enlil_I_a_PredatorA",""
0x001E2979,"PCM_Denebola_Denebola_I_b_CritterA",""
0x001E2996,"PCM_Denebola_Denebola_I_b_PreyA",""
0x001E2997,"PCM_Denebola_Denebola_I_b_PredatorA",""
0x001E299E,"PCM_Bara_Bara-III_Critter02",""
0x001E299F,"PCM_Bara_Bara-III_Critter01",""
0x001E29A0,"PCM_Bara_Bara-III_Prey03_Swimmer",""
0x001E29A1,"PCM_Bara_Bara-III_Prey02",""
0x001E29A2,"PCM_Bara_Bara-III_Prey01",""
0x001E29A3,"PCM_Bara_Bara-III_Predator02",""
0x001E29A4,"PCM_Bara_Bara-III_Predator01",""
0x001E2AC2,"PCM_Bradbury_Bradbury-III_Prey02",""
0x001E2AC3,"PCM_Bradbury_Bradbury-III_Prey01",""
0x001E2AC4,"PCM_Bradbury_Bradbury-III_Predator02",""
0x001E2AC5,"PCM_Bradbury_Bradbury-III_Predator01",""
0x001E3F36,"PCM_DeltaVulpes_DeltaVulpesVc_CritterA",""
0x001E3F37,"PCM_DeltaVulpes_DeltaVulpesVc_PreyA",""
0x001E3F38,"PCM_DeltaVulpes_DeltaVulpesVc_PredatorA",""
0x001E468A,"PCM_Bolivar_BolivarI_CritterA",""
0x001E468B,"PCM_Bolivar_BolivarI_PreyA",""
0x001E468C,"PCM_Bolivar_BolivarI_PredatorA",""
0x001E46C2,"PCM_Bohr_BohrII_PredatorA",""
0x001E46C3,"PCM_Bohr_BohrII_CritterB",""
0x001E46C4,"PCM_Bohr_BohrII_CritterA",""
0x001E46C5,"PCM_Bohr_BohrII_PreyB",""
0x001E46C6,"PCM_Bohr_BohrII_PreyA",""
0x001E46F7,"PCM_Beta-Andraste_Beta-Andraste-I-a_Prey01",""
0x001E46F8,"PCM_Beta-Andraste_Beta-Andraste-I-a_Predator01",""
0x001E4E95,"PCM_Bannoc-Prime_Bannoc-Prime-II_Critter01",""
0x001E4E96,"PCM_Bannoc-Prime_Bannoc-Prime-II_Prey02",""
0x001E4E97,"PCM_Bannoc-Prime_Bannoc-Prime-II_Prey01",""
0x001E4E98,"PCM_Bannoc-Prime_Bannoc-Prime-II_Predator01",""
0x001E4F5D,"PCM_BetaTernion_BetaTernionIII_CritterB",""
0x001E4F5E,"PCM_BetaTernion_BetaTernionIII_CritterA",""
0x001E4F5F,"PCM_BetaTernion_BetaTernionIII_PreyA",""
0x001E4F60,"PCM_BetaTernion_BetaTernionIII_PredatorA",""
0x001E81A3,"PCM_Decaran_Decaran-I_Critter01",""
0x001E81A4,"PCM_Decaran_Decaran-I_Prey02",""
0x001E81A5,"PCM_Decaran_Decaran-I_Prey01",""
0x001E81A6,"PCM_Decaran_Decaran-I_Predator01",""
0x001E9BFC,"PCM_Andromas_Andromas-III_Prey03",""
0x001E9BFD,"PCM_Andromas_Andromas-III_Prey02",""
0x001E9BFE,"PCM_Andromas_Andromas-III_Critter01",""
0x001EA0D7,"PCM_Aranae_Aranae-I_Prey01",""
0x001EA0D8,"PCM_Aranae_Aranae-I_Predator01",""
0x001EA2AB,"PCM_Andromas_Andromas-II_Critter01",""
0x001EA2AC,"PCM_Andromas_Andromas-II_Prey02",""
0x001EA2AD,"PCM_Andromas_Andromas-II_Predator02",""
0x001EA2AE,"PCM_Andromas_Andromas-II_Prey01",""
0x001EA2AF,"PCM_Andromas_Andromas-II_Predator01",""
0x001EA39D,"PCM_Alpha-Marae_Alpha-Marae-I_Critter02",""
0x001EA39E,"PCM_Alpha-Marae_Alpha-Marae-I_Critter01",""
0x001ED080,"PCM_Beta-Marae_Beta-Marae-I_Prey07_Swimmer",""
0x001ED082,"PCM_Bohr_BohrII_CritterC_Flyer",""
0x001ED083,"PCM_Bradbury_Bradbury-III_Critter01_Floater",""
0x001ED149,"PCM_Al-Battani_Al-Battani-II_Prey03_Swimmer",""
0x001ED14A,"PCM_Al-Battani_Al-Battani-II_Prey02",""
0x001ED14B,"PCM_Al-Battani_Al-Battani-II_Prey01",""
0x001ED14C,"PCM_Al-Battani_Al-Battani-II_Predator02",""
0x001ED14D,"PCM_Al-Battani_Al-Battani-II_Predator01",""
0x001ED14E,"PCM_Al-Battani_Al-Battani-II_Critter02",""
0x001ED14F,"PCM_Al-Battani_Al-Battani-II_Critter01",""
0x001EDF4B,"PCM_Algorab_Algorab-III-B_Critter01",""
0x001EDF4C,"PCM_Algorab_Algorab-III-B_Critter02",""
0x001EDF4D,"PCM_Algorab_Algorab-III-B_Prey02",""
0x001EDF4E,"PCM_Algorab_Algorab-III-B_Prey01",""
0x001EDF4F,"PCM_Algorab_Algorab-III-B_Predator01",""
0x001EE88E,"PCM_Algorab_Algorab-II_Critter02",""
0x001EE88F,"PCM_Algorab_Algorab-II_Critter01",""
0x001EE890,"PCM_Algorab_Algorab-II_Prey02",""
0x001EE891,"PCM_Algorab_Algorab-II_Prey01",""
0x001EE892,"PCM_Algorab_Algorab-II_Predator01",""
0x001EEEC0,"PCM_AlphaAndraste_AlphaAndrasteIII_Critter03",""
0x001EEEC1,"PCM_AlphaAndraste_AlphaAndrasteIII_Critter02",""
0x001EEEC2,"PCM_AlphaAndraste_AlphaAndrasteIII_Critter01",""
0x001EF5E6,"PCM_AlphaAndraste_AlphaAndrasteIII_Predator04",""
0x001EF5E7,"PCM_AlphaAndraste_AlphaAndrasteIII_Predator03",""
0x001EF5E8,"PCM_AlphaAndraste_AlphaAndrasteIII_Predator02",""
0x001EF5E9,"PCM_AlphaAndraste_AlphaAndrasteIII_Prey04",""
0x001EF5EA,"PCM_AlphaAndraste_AlphaAndrasteIII_Prey02",""
0x001EF5EB,"PCM_AlphaAndraste_AlphaAndrasteIII_Prey03",""
0x001EFDAE,"PCM_AlphaAndraste_AlphaAndrasteIII_Prey01",""
0x001F0056,"PCM_AlphaAndraste_AlphaAndrasteIII_Predator01_TankBeetle",""
0x001F7668,"PCM_Denebola_Denebola_I_b_CritterB_Floater",""
0x001F7669,"PCM_Denebola_Denebola_I_b_PreyB_Swimmer",""
0x001F766A,"PCM_Eridani_Eridani-II_CritterC_Flyer",""
0x001F766B,"PCM_Fermi_Fermi-III_PreyC_Swimmer",""
0x001F766C,"PCM_Fermi_Fermi-III_CritterC_Flyer",""
0x001F766D,"PCM_Feynman_Feynman-III_CritterC_Floater",""
0x001F766E,"PCM_Huygens_Huygens-III_PreyD_Swimmer",""
0x001F766F,"PCM_Huygens_Huygens-III_CritterC_Floater",""
0x001F7670,"PCM_Gamma-Vulpes_Gamma-Vulpes-I_PreyD_Swimmer",""
0x001F7671,"PCM_Gamma-Vulpes_Gamma-Vulpes-II-a_PreyC_Swimmer",""
0x002025D3,"PCM_Hawking_Hawking-I_Prey04_Swimmer",""
0x002025D5,"PCM_Heinlein_Heinlein-VI-a_Prey02_Swimmer",""
0x002025D6,"PCM_Guniibuu_Guniibuu-II_Prey04_Swimmer",""
0x002025D7,"PCM_Huygens_Huygens-VII-b_PreyB_Swimmer",""
0x002025D8,"PCM_Heisenberg_Heisenberg-II_PreyC_Swimmer",""
0x002025D9,"PCM_Indum_Indum-II_Prey02_Swimmer",""
0x002025DA,"PCM_Ixyll_Ixyll-III-b_Prey03_Swimmer",""
0x002025DB,"PCM_Jaffa_Jaffa-II_Critter02_Flyer",""
0x002025DC,"PCM_Nirah_Kazaal_Prey03_Flyer",""
0x002025E1,"PCM_Kang_Kang-III_Critter01_Flyer",""
0x00221DBD,"PCM_Shoza_Shoza-III_Prey04_Swimmer",""
0x00221DBE,"PCM_Sparta_Sparta-IV_Prey03_Swimmer",""
0x00221DBF,"PCM_Syrma_Syrma-IV_Prey02_Swimmer",""
0x00221DC0,"PCM_Syrma_Syrma-IV_Predator02_Swimmer",""
0x00221DC1,"PCM_Syrma_Syrma-VII-A_Prey02_Swimmer",""
0x00221DC2,"PCM_Tau-Ceti_Tau-Ceti-VIII-B_Critter03_Flyer",""
0x00221DC3,"PCM_Tidacha_Tidacha-I_Critter03_Flyer",""
0x00221DC4,"PCM_Ursae-Minoris_Ursa-Minor-II_Critter02_Floater",""
0x00221DC6,"PCM_Alpha-Tirna_Tirna-VIII-C_Predator02_Swimmer",""
0x00221DC7,"PCM_Vega_Vega-II-C_Critter03_Flyer",""
0x00221DC8,"PCM_Verne_Verne-II_Prey03_Swimmer",""
0x00221DC9,"PCM_Lunara_Vesta_Critter03_Floater",""
0x00221DCA,"PCM_Xi-Ophiuchi_Xi-Ophiuchi-VIII-b_Predator02_Swimmer",""
0x00221DCB,"PCM_Xi-Ophiuchi_Xi-Ophiuchi-VIII-b_Prey02_Swimmer",""
0x00221DCC,"PCM_Zeta-Ophiuchi_Zeta-Ophiuchi-I_Predator04_Swimmer",""
0x00221DCD,"PCM_Zeta-Ophiuchi_Zeta-Ophiuchi-I_Prey04_Swimmer",""
0x0023CAE2,"PCM_Cheyenne_Akila_Buzzrunner","Buzzrunner"
0x0023CAE3,"PCM_Cheyenne_Akila_FlyingLeech","Flying Leech"
0x0023CAE5,"PCM_Cheyenne_Akila_Dropsalm","Dropsalm"
0x0023CAE6,"PCM_Cheyenne_Akila_GrazingEnsifer","Grazing Ensifer"
0x0023CAE8,"PCM_Cheyenne_Akila_Mossgnath","Mossgnath"
0x0023CAF1,"PCM_Cheyenne_Akila_CrawlingEurypterid","Crawling Eurypterid"
0x0023CAF9,"PCM_Cheyenne_Akila_RainbowAgnathan","Rainbow Agnathan"
0x0023CAFD,"PCM_Cheyenne_Akila_BaleenRotifer","Baleen Rotifer"
0x0023CB02,"PCM_Cheyenne_Akila_Ashta","Ashta"
0x0023CB03,"PCM_Cheyenne_Akila_ElkCrangon","Elk Crangon"
0x0024094F,"LC180_ParasiteRanged01","Parasite"
0x0024792A,"SEDerelict_LvlShipCreature",""
0x00273718,"PCM_Beta-Marae_Beta-Marae-I_Prey06_Flyer",""
0x00287159,"PCM_Leonis_Leonis-VIII-a_Critter01",""
0x002AD4E3,"CCT_Creature","Creature Template"
0x002DEB3D,"Template_Stats_Tough_Creature_04",""
0x0032047C,"LC174_Predator_Queen","Queen Pest"
0x0032047D,"LC174_Predator_Juvenile","Juvenile Pest"
0x0032047E,"LC174_Predator_Adult","Adult Pest"
0x0032CAA0,"LC030_EncCotylite05","Adult Cotylite"
0x0032DB0E,"LC030_EncCotylite06","Mature Cotylite"
0x0032DB0F,"LC030_EncCotylite07","Hardened Cotylite"
0x0032DB10,"LC030_EncCotylite08","Adept Cotylite"
0x0032DB11,"LC030_EncGryllobaMelee05","Adult Grylloba"
0x0032DB12,"LC030_EncGryllobaMelee06","Mature Grylloba"
0x0032DB13,"LC030_EncGryllobaMelee07","Hardened Grylloba"
0x0032DB14,"LC030_EncGryllobaMelee08","Adept Grylloba"
0x0032DB15,"LC030_EncGryllobaQueen02","Young Grylloba Queen"
0x0032DB16,"LC030_EncGryllobaQueen03","Juvenile Grylloba Queen"
0x0032DB17,"LC030_EncGryllobaQueen04","Adolescent Grylloba Queen"
0x0032DB18,"LC030_EncGryllobaQueen05","Adult Grylloba Queen"
0x0032DB19,"LC030_EncGryllobaQueen06","Mature Grylloba Queen"
0x0032DB1A,"LC030_EncGryllobaQueen07","Hardened Grylloba Queen"
0x0032DB1B,"LC030_EncGryllobaQueen08","Adept Grylloba Queen"
0x0032DB1C,"LC030_EncGryllobaRanged05","Adult Grylloba Hunter"
0x0032DB1D,"LC030_EncGryllobaRanged06","Mature Grylloba Hunter"
0x0032DB1E,"LC030_EncGryllobaRanged07","Hardened Grylloba Hunter"
0x0032DB1F,"LC030_EncGryllobaRanged08","Adept Grylloba Hunter"
0x0033DBDB,"LC174_Predator_Adult_Aggro","Angry Adult Pest"
0x00346C9A,"UC08_PCM_Toliman_Toliman-II_Predator01_PlayerAlly","Terrormorph Thrall"
0x00346C9B,"UC08_PCM_Toliman_Toliman-II_Predator02_PlayerAlly","Terrormorph Thrall"
0x00346C9C,"UC08_PCM_Toliman_Toliman-II_Prey02_PlayerAlly","Terrormorph Thrall"
0x0036E40D,"DomesticatedCreature02_Akila_WaggonerFarm","Blummox"
0x0037CE29,"PCM_Cheyenne_Akila_Ashta_Alpha","Alpha Ashta"
0x00388409,"PettingZooCreature_01","Blummox"
0x0038840C,"PettingZooCreature_03","Karl"
0x0038842C,"PettingZooCreature_02","Ziry"
0x00392EF8,"RL048_Spaceship_Creature","XL-069 Interloper"
0x00398BBA,"SEDerelict_LvlHexapodAGlider",""
0x00398BBC,"SEDerelict_EncHexapodAGlider01","Immature Glider"
0x00398BBD,"SEDerelict_EncHexapodAGlider02","Young Glider"
0x00398BBE,"SEDerelict_EncHexapodAGlider03","Juvenile Glider"
0x00398BBF,"SEDerelict_EncHexapodAGlider06","Mature Glider"
0x00398BC0,"SEDerelict_EncHexapodAGlider00_Template","Glider"
0x00398BC1,"SEDerelict_EncHexapodAGlider08","Adept Glider"
0x00398BC2,"SEDerelict_EncHexapodAGlider04","Adolescent Glider"
0x00398BC3,"SEDerelict_EncHexapodAGlider05","Adult Glider"
0x00398BC4,"SEDerelict_EncHexapodAGlider07","Hardened Glider"
0x00398BC5,"SEDerelict_EncMantidACockroach01","Immature Shiproach"
0x00398BC6,"SEDerelict_EncMantidACockroach02","Young Shiproach"
0x00398BC7,"SEDerelict_EncMantidACockroach03","Juvenile Shiproach"
0x00398BC8,"SEDerelict_EncMantidACockroach04","Adolescent Shiproach"
0x00398BC9,"SEDerelict_EncMantidACockroach05","Adult Shiproach"
0x00398BCA,"SEDerelict_EncMantidACockroach06","Mature Shiproach"
0x00398BCB,"SEDerelict_EncMantidACockroach07","Hardened Shiproach"
0x00398BCC,"SEDerelict_EncMantidACockroach08","Grizzled Shiproach"
0x00398BCD,"SEDerelict_LvlMantidACockroach",""
0x00398BCF,"SEDerelict_EncMantidACoralbug01","Immature Coralbug"
0x00398BD1,"SEDerelict_EncMantidACoralbug02","Young Coralbug"
0x00398BD2,"SEDerelict_EncMantidACoralbug03","Juvenile Coralbug"
0x00398BD3,"SEDerelict_EncMantidACoralbug04","Adolescent Coralbug"
0x00398BD4,"SEDerelict_EncMantidACoralbug05","Adult Coralbug"
0x00398BD5,"SEDerelict_EncMantidACoralbug06","Mature Coralbug"
0x00398BD6,"SEDerelict_EncMantidACoralbug07","Hardened Coralbug"
0x00398BD7,"SEDerelict_EncMantidACoralbug08","Grizzled Coralbug"
0x00398BD8,"SEDerelict_LvlMantidACoralbug",""
0x00398BD9,"SEDerelict_EncMantidAHookneck01","Immature Hookpest"
0x00398BDA,"SEDerelict_EncMantidAHookneck02","Young Hookpest"
0x00398BDB,"SEDerelict_EncMantidAHookneck03","Juvenile Hookpest"
0x00398BDC,"SEDerelict_EncMantidAHookneck04","Adolescent Hookpest"
0x00398BDD,"SEDerelict_EncMantidAHookneck05","Adult Hookpest"
0x00398BDE,"SEDerelict_EncMantidAHookneck06","Mature Hookpest"
0x00398BDF,"SEDerelict_EncMantidAHookneck07","Hardened Hookpest"
0x00398BE0,"SEDerelict_EncMantidAHookneck08","Grizzled Hookpest"
0x00398BE1,"SEDerelict_LvlMantidAHookneck",""
0x00398BE3,"SEDerelict_EncOctopedeAExocrawler01","Immature Exocrawler"
0x00398BE4,"SEDerelict_EncOctopedeAExocrawler02","Young Exocrawler"
0x00398BE5,"SEDerelict_EncOctopedeAExocrawler03","Juvenile Exocrawler"
0x00398BE6,"SEDerelict_EncOctopedeAExocrawler04","Adolescent Exocrawler"
0x00398BE7,"SEDerelict_EncOctopedeAExocrawler05","Adult Exocrawler"
0x00398BE8,"SEDerelict_EncOctopedeAExocrawler06","Mature Exocrawler"
0x00398BE9,"SEDerelict_EncOctopedeAExocrawler07","Hardened Exocrawler"
0x00398BEA,"SEDerelict_EncOctopedeAExocrawler08","Grizzled Exocrawler"
0x00398BEC,"SEDerelict_LvlOctopedeAExocrawler",""
0x003AD1F9,"PCM_Zosma_Zosma-V-a_Critter02",""
0x003AD1FA,"PCM_Zosma_Zosma-V-a_Predator02",""
0x003B6AB9,"Template_Stats_Tough_Creature_05",""
0x003B6B40,"Template_Stats_Tough_Creature_06",""
0x003B6BCB,"Template_Stats_Tough_Creature_07",""
0x003B6BCC,"Template_Stats_Tough_Creature_08",""
0x003B6BCD,"Template_Stats_Tough_Creature_09",""
0x003B6BCE,"Template_Stats_Tough_Creature_10",""
0x003B6BCF,"Template_Stats_Tough_Creature_11",""
0x003CB234,"PCM_Schrodinger_Schrodinger-III_Critter03_Flyer",""
0x003CB235,"PCM_Groombridge_Groombridge-VIII-a_Critter02_Flyer",""
0x003CB236,"PCM_Heinlein_Heinlein-VI-a_Critter02_Flyer",""
0x003CB237,"PCM_Serpentis_Serpentis-IV_Critter04_Flyer",""
0x003CB238,"PCM_Celebrai_Celebrai-II_Critter04_Flyer",""
0x003CB239,"PCM_Toliman_Toliman-II_Critter02_Flyer",""
0x003FC7C2,"LC074_Critter",""
0x003FC7C3,"LC074_Creature",""
0x003FC7C4,"LC074_Creature_Boss",""
