FormID, EditorID, Full
0x00000163,"HelpManualPC",""
0x00000165,"HelpManualXBox",""
0x000001F3,"HairColorListDoNotUse",""
0x0000262B,"aShipGen_All","Ship Attract Mode List"
0x0000262C,"aShipGen_Asp","Ship Attract Mode List"
0x0000262D,"aShipGen_Cargo","Ship Attract Mode List"
0x0000262E,"aShipGen_Combat","Ship Attract Mode List"
0x0000262F,"aShipGen_Deimos","Ship Attract Mode List"
0x00002630,"aShipGen_Hopetech","Ship Attract Mode List"
0x00002631,"aShipGen_Nova","Ship Attract Mode List"
0x00002632,"aShipGen_Personnel","Ship Attract Mode List"
0x00002633,"aShipGen_Stroud","Ship Attract Mode List"
0x00002634,"aShipGen_Taiyo","Ship Attract Mode List"
0x00003435,"BEContrabandShipFactionList",""
0x0000372D,"SQ_TrafficManagerShipListFreestar",""
0x0000397D,"EatPackageDefaultFood",""
0x000040DB,"OutpostFoundationHabSquare01List","Hab Square Foundation"
0x000040DC,"OutpostFoundationHabRound01List","Hab Round Foundation"
0x000040DD,"OutpostFoundationHabHexLarge01List","Hab Hex Large Foundation"
0x00004555,"SMCSet_Shields_Dogstar_104D_Guardian_lvl76","Dogstar 104D Guardian Shields"
0x00004961,"LC102SharedCrimeList",""
0x000052A4,"RI07_DisplayFilter_InternalNeuroamps",""
0x00005D92,"SpaceshipPowerAllocationSoundList","Power Change Sounds"
0x00006F47,"SMASet_Engine_Slayton_SA-4220","Slayton SA-4220 Set"
0x00006F48,"SMASet_Engine_Slayton_SA-4330","Slayton SA-4330 Set"
0x00008351,"SMBSet_Weapon_Ballistic_Ballistic_KE-42_Turret","Ballistic KE-42 Turret Set"
0x00008354,"SMBSet_Weapon_Ballistic_Horizon_Mauler_106T_Auto_Turret","Horizon Mauler 106T Turret Set"
0x00008360,"SMBSet_Weapon_Laser_Horizon_Dragon_241_Turret","Horizon Dragon 241 Turret Set"
0x00008365,"SMBSet_Weapon_Laser_LightScythe_Scorch-P_60mw_Auto_Turret","LightScythe Scorch-P 60mw Turret Set"
0x00009E02,"DisplayFilter_AnyRangedWeapon",""
0x0000B7EE,"SpaceshipPartSummedValues",""
0x0000B863,"OutpostDecorContainersList01Small","Containers"
0x0000CF95,"VoicesDialogueGenericHellos",""
0x0000D843,"SQ_Followers_CombatOverride",""
0x000101DE,"COM_DropUsefulItemList",""
0x000102EC,"DONOTUSE_OLD_DefaultMasterPackageList",""
0x000102ED,"DefaultCombatMasterPackageList",""
0x00010BA8,"VoicesDialogueCrimsonFleetGeneric",""
0x00010BA9,"VoicesDialogueGenericALL",""
0x00010BAA,"VoicesPlayerList",""
0x000110AA,"DefaultMasterPackageList_Pilot",""
0x0001550F,"HeadPartsChildRace",""
0x00017451,"VoicesDialogueLC088Space",""
0x0001BC82,"VoicesSpeechChallengeAllBasicOptions",""
0x0001BF39,"LC088_Space_StandardCombatOverride",""
0x00021AD2,"WeaponsMeleeList",""
0x00022CE5,"VendorItemsMisc",""
0x000242C6,"VoicesSpeechChallengeAvoidCombat",""
0x000242C7,"VoicesSpeechChallengeAvoidInvestigation",""
0x000242C8,"VoicesSpeechChallengeGainAccess",""
0x000242C9,"VoicesSpeechChallengeGetInformation",""
0x000242CA,"VoicesSpeechChallengeIncreasePayout",""
0x000242CB,"VoicesSpeechChallengeLowerPrice","NPCM"
0x00025D1F,"VoicesSpeechChallenge_SC_ACC_INF_DEF_KeepConfidential",""
0x00025D38,"VoicesSpeechChallenge_SC_PAY_DEF_F_Threaten",""
0x000271B8,"LC088_Space_JadeSwanShipList",""
0x0002935D,"Default_CompanionVoicesList","Voice and other companion forms"
0x000297EF,"SMSSet_HabVariants_Taiyo_2L3W1H_Top_A","Taiyo Hab Variants 2L3W1H Top A"
0x0002A77B,"OutpostDecorStatuesList","Statues"
0x0002A790,"OutpostDecorModelShipList01Wooden","Model Ships"
0x0002B3A5,"SQ_Group_Faction_List_Friendly_Deimos","ONLY SQ_Group_Faction_XXX objects with SQ_GroupScript attached allowed"
0x0002B3A7,"SQ_Group_LocationOwnerList_Deimos",""
0x0002FE78,"SMBSet_Weapon_Particle_Ballistic_PBO-100_Neutron_Auto_Turret","Ballistic PBO-100 Neutron Turret Set"
0x000301D4,"SMSSet_FuelTank_Dogstar_M50","Dogstar M40 Ulysses"
0x000310D5,"OE_Civilians_Voices",""
0x00032264,"OutpostStorage_ScanBoosterList",""
0x00032325,"StnSet_Star_Hab_SideCapDocker_Right_A_Set",""
0x00032326,"StnSet_Star_Hab_SideCapDocker_Left_A_Set",""
0x00032327,"StnSet_StnMod_Star_Docker_2L_A_Set",""
0x00034086,"OutpostDecorPedestalsEmptyList","Empty Pedestals"
0x000344EB,"OutpostDecorPottedPlantList","Potted Plants"
0x000344FA,"OutpostDecorHangingPlantList","Hanging Plants"
0x00038393,"UC04_Terrormorph02_HoldPositionCombatOverride",""
0x00038394,"UC04_Terrormorph01_HoldPositionCombatOverride",""
0x000389D5,"SMBSet_Weapon_Laser_LightScythe_Scorch-S_80mw_Auto_Turret","LightScythe Scorch-P 60mw Auto Turret Set"
0x0003961D,"OutpostDecorHangingFishList","Hanging Fish"
0x00039623,"OutpostDecorPlantersList","Planters"
0x00039629,"OutpostDecorTrashCansList","Trash Cans"
0x0003962F,"OutpostDecorCoffeeMachineList","Coffee Machines"
0x00039637,"OutpostDecorCleaningList","Cleaning"
0x0003963B,"OutpostDecorCartsList","Carts"
0x0003963F,"OutpostDecorHandCartsList","Hand Carts"
0x00039646,"OutpostDecorPedestalsList","Pedestals"
0x0003C5EE,"SMBSet_Weapon_Particle_Horizon_Disruptor_3320_Neutron_Turret","Horizon Disruptor 3320 Turret Set"
0x0003D9AF,"HeadPartsChargenOptionsMale",""
0x0003D9B0,"HeadPartsChargenOptionsFemale",""
0x0003DEED,"SMSSet_Struct_Nova_CL-3C","Nova Cowl CL-3C Set"
0x0003F551,"CharGenPresets",""
0x0003F55C,"ENV_imGui_6_Weather_1_Spells","Weather Spells"
0x0003F55E,"ENV_imGui_6_Weather_2_DebugGlobals","Weather Debug Globals"
0x0003F55F,"ENV_imGui_6_Weather_3_ConditionForms","Weather Condition Forms"
0x00040471,"ENV_AFFL_RandomPeriodicEffects_MicrobialContamination",""
0x00045270,"SMSSet_Lander_Hope-6_All_Variants","Hopetech Hope 6 Lander All"
0x00045CC1,"FilterList_InventoryCategoryAidFood",""
0x00047347,"MinorBodyKeywordList",""
0x00048366,"SQ_Group_Occupation_List_Scientist_Zoologist","ONLY SQ_Group_Occupation_XXX objects with SQ_GroupOccupationScript attached allowed"
0x0004A706,"SMSSet_HabVariants_HopeTech_1L1W1H","HopeTech Hab Variants 1L1W1H"
0x0004A707,"SMSSet_HabVariants_HopeTech_2L2W1H","HopeTech Hab Variants 2L2W1H"
0x0004A708,"SMSSet_HabVariants_HopeTech_2L1W1H","HopeTech Hab Variants 2L1W1H"
0x0004A709,"SMSSet_HabVariants_Deimos_3L3W1H","Deimos Hab Variants 3L3W1H"
0x0004A70A,"SMSSet_HabVariants_Deimos_3L1W1H","Deimos Hab Variants 3L1W1H"
0x0004A70B,"SMSSet_HabVariants_Deimos_1L1W1H","Deimos Hab Variants 1L1W1H"
0x0004B2CC,"SMSSet_HabVariants_Deimos_2L1W1H","Deimos Hab Variants 2L1W1H"
0x0004B3C2,"StnSet_Star_OutpostDefense_A_Set","Starstation Defense Set"
0x0004B53D,"SQ_Group_Faction_List_Friendly_Any","ONLY SQ_Group_Faction_XXX objects with SQ_GroupScript attached allowed"
0x0004BCE6,"VoicesDialogueSpacer_CombatOnly",""
0x0004BCE7,"VoicesDialogueScum_CombatOnly",""
0x00050C58,"SQ_Group_Faction_List_UnitedColonies","ONLY SQ_Group_Faction_XXX objects with SQ_GroupScript attached allowed"
0x00051538,"ShipBuilderRecentColorDefaults","Ship Builder Recent Colors defaults"
0x0005608C,"VendorItemsFoodChems",""
0x00056B07,"VendorItemsBooks",""
0x00058606,"OutpostRecipeCategories","Outpost"
0x0005EAEB,"VoicesDialogueFirstNPCs",""
0x0005F814,"do_ModMenuSlotKeywordList","Order of attachpoints in mod menu"
0x00061A96,"PCM_RR_CuriousList",""
0x00061D4B,"ENV_imGui_4B_ActorValuesBasic","ActorValuesBasic"
0x00061E37,"DontLoopEmotions","Odd are the emotions not to loop, Even is what that emotion should go to next"
0x00062680,"MQUnityVoices",""
0x00063084,"VoicesDialogueCrimsonFleetShip",""
0x0006375B,"OutpostDecorSpaceFrogPosterList","Space Frog Posters"
0x0006628F,"SMSSet_Struct_Nova_CowlLong_TopBtm_All_Variants","Nova Cowl Long Top Bottom Mid Variant Set"
0x00066290,"SMSSet_Struct_Nova_CowlLong_PortStbd_All_Variants","Nova Cowl Long Fore Port Stbd Mid Variant Set"
0x00066291,"SMSSet_Struct_Nova_CowlShort_All_Variants","Nova Cowl Short Variant Set"
0x000662DC,"GroupFormationPositionMarkers",""
0x0006AAF3,"LocStorySettlementContainerAllowedItems_CFR03",""
0x00070CC1,"SourceHeadShapesFemale",""
0x00070CC2,"SourceHeadShapesMale",""
0x00076F9B,"LC039_GenerdyneSecurityFormList",""
0x00076F9C,"LC039_GenerdyneTechnicianFormList",""
0x000782A3,"AutofillGenericLocRefTypes",""
0x000792E8,"ER_GenericVoicetypeList",""
0x0007E7F1,"RIR07_RadiantVoiceTypesList",""
0x0007FBCF,"RIR03_SecurityGuardVoices",""
0x00080665,"OutpostDecorContainersList02Large","Containers"
0x00080667,"OutpostDecorContainersList03Safe","Containers"
0x0008066B,"OutpostDecorModelShipList02Starship","Model Ships"
0x00080675,"OutpostFurnitureBedList02_Beds","Beds"
0x00088CC1,"SMBSet_Weapon_Particle_LightScythe_Eradicator-RF_75MeV_Neutron_Auto_Turret","LightScythe Eradicator-RF 75MeV Turret Set"
0x00088D2A,"VoicesDialogueGuardsShipsOnly",""
0x00088D2C,"VoicesDialogueArrestingGuards_Neon",""
0x00088D2D,"VoicesDialogueArrestingGuards_Freestar",""
0x00088D2E,"VoicesDialogueArrestingGuards_UC",""
0x0008A8C8,"SQ_Group_Occupation_List_Scientist_Geologist","ONLY SQ_Group_Occupation_XXX objects with SQ_GroupOccupationScript attached allowed"
0x00090311,"HumanReactionRadiusWarnList",""
0x00093FCD,"SMSSet_HabVariants_Taiyo_1L1W1H_Top_C","Taiyo Hab Variants 1L1W1H Top B"
0x000952F8,"NativeTerminalLinkKeywordList",""
0x000963AE,"SMSSet_HabVariants_Taiyo_1L1W1H_Top_D","Taiyo Hab Variants 1L1W1H Top B"
0x0009E1AB,"LC165_Starborn_Ice_CombatOverridePackageList",""
0x0009E1CA,"LC088_Key_MathisCombatPackageList",""
0x000A0917,"DisplayFilter_AnyRangedWeaponOrAmmo",""
0x000A9A61,"SMSSet_HabVariants_Taiyo_2L3W1H_Top_C","Taiyo Hab Variants 2L3W1H Top C"
0x000AA20A,"VoicesDialogueArrestingGuards_ALL",""
0x000B0669,"OutpostDecorDartBoardsList","Dart Boards"
0x000B066F,"OutpostDecorDeskLampsList","Desk Lamps"
0x000B0674,"OutpostDecorRugsList","Rugs"
0x000B0677,"OutpostDecorPosterList","Poster"
0x000B069C,"OutpostDecorGymEquipList","Gym Equipment"
0x000B06A1,"OutpostDecorFloorMatList","Floor Mats"
0x000B11A0,"VoicesDialogueSettler",""
0x000B6EE9,"BossLocRefTypeList",""
0x000B6EF8,"MQ104BMatsuraBodyguardsVoicesDialogue",""
0x000BC530,"SMSSet_HabVariants_Deimos_3L2W1H","Deimos Hab Variants 3L2W1H"
0x000BC531,"SMSSet_HabVariants_Stroud_1L1W1H","Stroud Hab Variants 1L1W1H"
0x000BCC26,"BEAutomaticOwnershipFactionList",""
0x000C1C88,"UIWatchOverrideSourceKeywordPriorityList","List of keywords if present on spell/effect will override the source of the spell/effect for displaying in the watch"
0x000C3830,"COND_imgui_1_Assorted","Traits (Player)"
0x000C3831,"COND_imgui_0_Main","Conditions"
0x000C731F,"HeadPartsMannequinRace",""
0x000C9859,"UC04_HoldPositionCombatOverride_Marines",""
0x000CF78A,"modskill_Keywords",""
0x000CF78B,"modskill_Globals",""
0x000D0BD2,"xDoNotUse_SMCSet_Weapon_Ballistic_Ballistic_MKE-9A_Auto_Turret","Ballistic MKE-9A Turret Set"
0x000D0BD3,"SMCSet_Weapon_Ballistic_Horizon_Marauder_115N_Turret","Horizon Marauder 115N Turret Set"
0x000D0BD4,"SMCSet_Weapon_Ballistic_Shinigami_Jishaku_Nd_RF_Auto_Turret","Shinigami Jishaku Nd RF Turret Set"
0x000D0BD5,"SMCSet_Weapon_Laser_Horizon_Dragon_261_SX_Turret","Horizon Dragon 261 SX Turret Set"
0x000D0BD6,"SMCSet_Weapon_Laser_LightScythe_Blaze-P_2gw_SX_Auto_Turret","LightScythe Blaze-P 2gw SX Turret Set"
0x000D0BD7,"SMCSet_Weapon_Laser_Shinigami_Reza_300_PHz_SX_Auto_Turret","Shinigami Reza 300 PHz SX Turret Set"
0x000D0BD8,"SMCSet_Weapon_Particle_Ballistic_PBO-300_Alpha_Turret","Ballistic PBO-300 Alpha Turret Set"
0x000D0BD9,"SMCSet_Weapon_Particle_LightScythe_Obliterator_250MeV_Alpha_Turret","LightScythe Obliterator 250MeV Turret Set"
0x000D0BDA,"SMCSet_Weapon_Particle_Horizon_Disrupter_3340A_Alpha_Auto_turret","Horizon Disrupter 3340A Turret Set"
0x000D281E,"StnSet_Star_Sign_SideBlank01_Set","Station Blank Sign (Side)"
0x000D783A,"RI01_TerraBrewEmployee_CombatOverrideFormList",""
0x000DDC90,"SMSSet_HabVariants_Stroud_2L2W1H","Stroud Hab Variants 2L2W1H"
0x000DDC91,"SMSSet_HabVariants_Taiyo_1L1W1H_Mid","Taiyo Hab Variants 1L1W1H"
0x000DDC92,"SMSSet_HabVariants_Taiyo_2L1W1H_Mid","Taiyo Hab Variants 2L1W1H Mid"
0x000DE378,"SMSSet_HabVariants_Taiyo_2L2W1H_Mid","Taiyo Hab Variants 2L2W1H"
0x000DE379,"SMSSet_HabVariants_Taiyo_3L1W1H_Mid","Taiyo Hab Variants 3L1W1H Mid"
0x000DE37A,"SMSSet_HabVariants_Taiyo_3L2W1H_Mid","Taiyo Hab Variants 3L2W1H Mid"
0x000E5382,"UC04_IANPCs_HellosFormList",""
0x000E6A3D,"OutpostMiscMissionBoardList","Mission Board"
0x000EF0A1,"OutpostDecorMountedHeadsList","Mounted Heads"
0x000F0E68,"RI01_Tomo_CombatOverrideFormList",""
0x000F31A8,"FactionSharedCrimeList_AmeliaOnly",""
0x000F31B9,"OutpostDecorSignsList","Signs"
0x000FA530,"SourceNPCScansMale",""
0x000FA531,"SourceNPCScansFemale",""
0x000FAEBD,"OutpostDecorHelmetCasesList01","Weapon Rack"
0x000FAEBE,"DisplayFilter_Pistol_or_PistolAmmo",""
0x000FD7E5,"CF05_Huan_CombatOverride",""
0x000FE26B,"CCT_ReactionRadiusFleeAvoidList_70","Packages for actors moving away from targets they will Flee from if approached"
0x000FE26E,"CCT_ReactionRadiusFleeAvoidList","Packages for actors moving away from targets they will Flee from if approached"
0x00100A0E,"PhotoModeCategory01Frames03Stylized","Themed"
0x00100A19,"PhotoModeCategory01FramesInspire","Inspire"
0x00100A1B,"PhotoModeCategory01FramesFaction","Factions"
0x00100A1C,"PhotoModeCategory01FramesLogo","Logo"
0x00101BAB,"SQ_Group_Faction_List_Friendly_Generic","ONLY SQ_Group_Faction_XXX objects with SQ_GroupScript attached allowed"
0x001033AE,"ShipLadderList","Spaceship Ladder List"
0x00106DA9,"WorkshopMenu01Build02Metal","Building"
0x00106DAA,"WorkshopMenu01Build02Wood","Building"
0x00106DAB,"WorkshopMenu01Build02Concrete","Building"
0x00107280,"UC04CrowdVoicetypes",""
0x00108A2E,"CF_TheKey_VoicetypeChangeF01",""
0x0010DDC5,"VoicesDialogueUniqueCrime_NoApril",""
0x0010E4E4,"Spacesuit_Keywords",""
0x0010FE69,"SQ_Group_Occupation_List_Hostile_Thief_Murderous","ONLY SQ_Group_Occupation_XXX objects with SQ_GroupOccupationScript attached allowed"
0x0010FE6A,"SQ_Group_Occupation_List_Hostile_Thief_Honorable","ONLY SQ_Group_Occupation_XXX objects with SQ_GroupOccupationScript attached allowed"
0x0010FE6B,"SQ_Group_Occupation_List_Hostile_Thief_Corporate","ONLY SQ_Group_Occupation_XXX objects with SQ_GroupOccupationScript attached allowed"
0x0010FE6C,"SQ_Group_Occupation_List_Hostile_Smuggler","ONLY SQ_Group_Occupation_XXX objects with SQ_GroupOccupationScript attached allowed"
0x0010FE6D,"SQ_Group_Occupation_List_Hostile_Looter","ONLY SQ_Group_Occupation_XXX objects with SQ_GroupOccupationScript attached allowed"
0x0010FE6E,"SQ_Group_Occupation_List_Hostile_Kidnapper_ProfitMotive","ONLY SQ_Group_Occupation_XXX objects with SQ_GroupOccupationScript attached allowed"
0x0010FE6F,"SQ_Group_Occupation_List_Hostile_Kidnapper_ObscureMotive","ONLY SQ_Group_Occupation_XXX objects with SQ_GroupOccupationScript attached allowed"
0x0010FE70,"SQ_Group_Occupation_List_Hostile_Kidnapper","ONLY SQ_Group_Occupation_XXX objects with SQ_GroupOccupationScript attached allowed"
0x0010FE71,"SQ_Group_Occupation_List_Hostile_Hijacker","ONLY SQ_Group_Occupation_XXX objects with SQ_GroupOccupationScript attached allowed"
0x001102F0,"VendorContainerKeywords",""
0x00111F69,"SQ_Group_Occupation_List_Criminal_Smuggler","ONLY SQ_Group_Occupation_XXX Activators with SQ_GroupOccupationScript attached allowed"
0x00112A56,"SMSSet_HabVariants_Stroud_2L3W1H","Stroud Hab Variants 2L3W1H"
0x00112A57,"SMSSet_HabVariants_Stroud_3L1W1H","Stroud Hab Variants 3L1W1H"
0x00112A58,"SMSSet_HabVariants_Stroud_2L1W1H","Stroud Hab Variants 2L1W1H"
0x001166F8,"LC165_Adversary_Astral_SpectateOverridePackageList",""
0x0011A3B5,"DisplayFilter_MiscObjects_Medium",""
0x0011A3B6,"OutpostDecorGenericCaseList01","Weapon Rack"
0x0011C0AC,"LC165_Starborn_Adversary_CombatOverridePackageList",""
0x0011C0AD,"LC165_Starborn_Ruins_CombatOverridePackageList",""
0x0011E587,"SMSSet_Struct_Deimos_Belly_Set","Deimos Struct Belly Set"
0x0011E8DB,"FC01_WilliamCrowleyCombatOverrideList",""
0x0011F989,"SQ_Group_Occupation_List_ANY_Friendly","ONLY SQ_Group_Occupation_XXX objects with SQ_GroupOccupationScript attached allowed"
0x0011F98A,"SQ_Group_Occupation_List_Survivalist","ONLY SQ_Group_Occupation_XXX objects with SQ_GroupOccupationScript attached allowed"
0x0011F98F,"SQ_Group_Occupation_List_Military_UC_Any","ONLY SQ_Group_Occupation_XXX Activators with SQ_GroupOccupationScript attached allowed"
0x0011F990,"SQ_Group_Occupation_List_Merchant_DEPRECATED","ONLY SQ_Group_Occupation_XXX Activators with SQ_GroupOccupationScript attached allowed"
0x0011F991,"SQ_Group_Occupation_List_Mercenary","ONLY SQ_Group_Occupation_XXX Activators with SQ_GroupOccupationScript attached allowed"
0x0011F992,"SQ_Group_Occupation_List_Hunter","ONLY SQ_Group_Occupation_XXX Activators with SQ_GroupOccupationScript attached allowed"
0x0011F993,"SQ_Group_Occupation_List_Homesteader","ONLY SQ_Group_Occupation_XXX Activators with SQ_GroupOccupationScript attached allowed"
0x0011F994,"SQ_Group_Occupation_List_Criminal","ONLY SQ_Group_Occupation_XXX Activators with SQ_GroupOccupationScript attached allowed"
0x0011F997,"SQ_Group_Occupation_List_Colonist","ONLY SQ_Group_Occupation_XXX Activators with SQ_GroupOccupationScript attached allowed"
0x0011F998,"SQ_Group_Occupation_List_BountyHunter","ONLY SQ_Group_Occupation_XXX Activators with SQ_GroupOccupationScript attached allowed"
0x0011F999,"SQ_Group_Faction_List_Friendly_AnyHuman","ONLY SQ_Group_Faction_XXX objects with SQ_GroupScript attached allowed"
0x0011F9BF,"SQ_Group_Occupation_List_ANY_Hostile","ONLY SQ_Group_Occupation_XXX objects with SQ_GroupOccupationScript attached allowed"
0x0011FA34,"SQ_Group_Faction_List_Enemy_Any","ONLY SQ_Group_Faction_XXX objects with SQ_GroupScript attached allowed"
0x0011FFE1,"SQ_Group_Faction_List_MainFactions","ONLY SQ_Group_Faction_XXX objects with SQ_GroupScript attached allowed"
0x0011FFE5,"SQ_Group_Occupation_List_Scientist_Any","ONLY SQ_Group_Occupation_XXX objects with SQ_GroupOccupationScript attached allowed"
0x0011FFEA,"SQ_Group_Occupation_List_Miner","ONLY SQ_Group_Occupation_XXX Activators with SQ_GroupOccupationScript attached allowed"
0x001219C8,"PhotoModeCategory01Poses02Standard",""
0x001230FD,"se_RockyAsteroidLootDrop_list",""
0x001239FD,"PhotoModeCategory01Textures02Standard",""
0x001239FE,"PhotoModeCategory01Textures",""
0x001239FF,"PhotoModeCategory01Poses",""
0x00123A00,"PhotoModeCategory01Frames02Standard","Branded"
0x00123A01,"PhotoModeCategory01Frames",""
0x00123A02,"PhotoModeCategory01Filters",""
0x00123A03,"PhotoModeCategory01Expressions",""
0x00123A04,"PhotoModeCategory00Main",""
0x00125488,"LC165_Starborn_Fire_CombatOverridePackageList",""
0x00128446,"OutpostFoundationLiquidSmall01List","Liquid Foundation Small"
0x00128449,"OutpostFoundationLiquidMedium01List","Liquid Foundation Medium"
0x00128450,"OutpostFoundationLiquidLarge01List","Liquid Foundation Large"
0x0012D05C,"UIIconEnvironmentEffectKeywordPriority_List","linked to Default Object: UIIconEnvironmentEffectKeywordPriority - overrides default priority of Reference > Spell > Effect"
0x0012F4A9,"LC088_Ops_BossHoldPositionList",""
0x001304E5,"StnSet_Star_Plug_TopBtm_Window_A01_Set","Starstation Window Plug Set"
0x00131E73,"ENV_AFFL_TreatmentTypeKeywords",""
0x0013277B,"OE_Civilians_ChildCombatOverride",""
0x0013277D,"OE_Civilians_ChildSpectatorOverride",""
0x00132C0A,"UC01_SimEnemyShips_Tier06_FormList",""
0x00132C26,"UC01_SimEnemyShips_Tier05_FormList",""
0x00132C27,"UC01_SimEnemyShips_Tier04_FormList",""
0x00132C28,"UC01_SimEnemyShips_Tier03_FormList",""
0x00132C30,"UC01_SimEnemyShips_Tier02_FormList",""
0x00132C35,"UC01_SimEnemyShips_Tier01_FormList",""
0x001335DF,"se_destroyedShipsList",""
0x00133A67,"CREW_imGui_2a_Actors_Elite","Elite Crew Actors"
0x00133A68,"CREW_imGui_2b_Actors_Generic","Actors"
0x0013758A,"LC165_Starborn_Courtyard_CombatOverridePackageList",""
0x0013D929,"OutpostFurnitureKitchenCabinetList01","Kitchen Cabinets"
0x0013D92B,"OutpostDecorCeilingRackList01","Ceiling Racks"
0x0013D934,"DONOTUSE_OutpostDecorWallShelvesList03","Wall Shelf"
0x0013D935,"OutpostFurnitureDeskList01","Desks"
0x0013D938,"OutpostDecorStorageBinList","Storage Bins"
0x0013D93B,"OutpostDecorBookcaseList","Bookcases"
0x0013D94A,"OutpostDecorFloorLampsList","Floor Lamps"
0x0013D950,"OutpostFurnitureWallCabinetList01","Wall Cabinets"
0x0013D951,"OutpostDecorBasketsList","Baskets"
0x0013E4F9,"LC165_Starborn_Bridge_CombatOverridePackageList",""
0x0013F2A0,"se_seDerelictShipList",""
0x00140A8A,"LC043_TrafficManagerShipsFormList",""
0x00143829,"Trait_TaskMaster_WeaponRepairSkills",""
0x00143AD4,"VendorItemsFood",""
0x00143B38,"SMSSet_Struct_Nova_Porthole_TopBtm","Nova Porthole Top Btm"
0x00143B70,"FFNewHomesteadR05_ChunksEmployeeVoicetypeFormList",""
0x00146682,"TRAIT_imgui_1_Empath","Traits (Player)"
0x00146CD3,"VoicesFFClinicR01",""
0x00147E25,"TRAIT_imgui_1_Introvert","Traits (Player)"
0x00147E26,"TRAIT_imgui_1_Extorvert","Traits (Player)"
0x0014A680,"OutpostFoundationSolidSmall01List","Solid Foundation Small"
0x0014A687,"OutpostFoundationSolidMedium01List","Solid Foundation Medium"
0x0014A68F,"OutpostFoundationSolidLargeList","Solid Foundation Large"
0x0014A880,"TRAIT_imgui_1_TerraFirma","Traits (Player)"
0x0014A883,"TRAIT_imgui_1_Spaced","Traits (Player)"
0x0014A888,"TRAIT_imgui_0_Main","Traits (Player)"
0x0014A8A6,"SMSSet_Thrust_Nova_BrakingEng_PortStbd","Nova Braking Engine Port Stbd"
0x0014AC85,"SMLSet_Eng_Nova_ColonyBooster_TopBtm","Nova Engine Colony Boosters Set"
0x0014AC86,"SMLSet_Struct_Nova_Cap_PassThru","Nova Cap Pass Through Set"
0x0014AC87,"SMLSet_Struct_Nova_Cap_Mid","Nova Cap Mid Set"
0x0014AC88,"SMLSet_Struct_Nova_Cap_Fore","Nova Cap Fore Set"
0x0014AC89,"SMLSet_Struct_Nova_Cap_Aft","Nova Cap Aft Set"
0x0014BC98,"SMMSet_Engine_Slayton_SAH-7440","Slayton SAH-7440 Set"
0x0014BC99,"SMMSet_Engine_Slayton_SAH-7330","Slayton SAH-7330 Set"
0x0014BC9A,"SMMSet_Engine_Slayton_SAH-7220","Slayton SAH-7220 Set"
0x0014BC9B,"SMMSet_Engine_Slayton_SAH-7110","Slayton SAH-7110 Set"
0x0014BC9C,"SMSSet_Struct_Taiyo_3WSlope","Taiyo Slope Struct Set"
0x0014BC9D,"SMLSet_Hab01_Taiyo_6L3W3H_PortStbd","Hab Taiyo 2L Set A"
0x0014BC9E,"SMLSet_Hab01_Taiyo_6L3W3H_PortStbdFore","Hab Taiyo 2L Set A"
0x0014BC9F,"SMLSet_Struct_Taiyo_Hull_01","Taiyo Hull Struct Set"
0x00150A51,"IgnoreBiomeMarkerCalcOnceKeywordList",""
0x001529D5,"SMASet_Engine_Reladyne_White_Dwarf_1020","White Dwarf 1020 Engine Variant Set"
0x00155F41,"SMSSet_Struct_Deimos_Bumper_Aft","Deimos Bumper Aft Set"
0x00155F42,"SMSSet_Struct_Deimos_Bumper_Mid","Deimos Bumper Mid Set"
0x00155F43,"SMSSet_Struct_Deimos_Bumper_Fore","Deimos Bumper Fore Set"
0x00155F44,"SMLSet_Struct_Deimos_Bow","Deimos Bow Top Bottom Set"
0x00155F45,"SMLSet_Struct_Deimos_Cowl_ForeTop","Deimos Cowl Fore Top Set"
0x001562D3,"SMLSet_Hab01_Deimos_6L3W3H_PortStbdFore","Hab Deimos 2L Set A"
0x001562D4,"SMLSet_Hab01_Deimos_6L3W3H_PortStbdAft","Hab Deimos 2L Set A"
0x001569A3,"OutpostFurnitureDeskConsoleList01","Console Desks"
0x00158046,"LC088_Space_QuickstartCrewList",""
0x00158F3E,"VoicesDialogueCitizen_Neon",""
0x00158F3F,"VoicesDialogueCitizen_FSC",""
0x00158F40,"VoicesDialogueCitizen_UC",""
0x00158F41,"VoicesDialogueCitizen",""
0x00158F42,"SMSSet_Struct_Hope_NoseSmall","Hopetech Small Nose Set"
0x001591F6,"DialogueCFTheKey_Marauder_CombatOverrideFormList",""
0x001591F8,"DialogueCFTheKey_Reaver_CombatOverrideFormList",""
0x001593A0,"GG_RC08_Citizen01VoicetypeList",""
0x001593A4,"GG_Work_UnitedTransportEmployees_VoicetypeList",""
0x001593A5,"GG_Work_CentauriMillsEmployees_VoicetypeList",""
0x00159502,"VoicesDialogueFreestarRangerNPCs",""
0x0015B063,"MQ207CNishinaGenericVoicetypes",""
0x0015CF1D,"GG_RC07_Citizen02VoicetypeList",""
0x0015CF20,"GG_RC06_PatronVoicetypeList",""
0x0015CF22,"GG_RC07_Citizen01VoicetypeList",""
0x0015D90F,"SMSSet_Docker_Hope-11","Hopetech Docker Hope-11 Set"
0x0015D910,"SMSSet_Lander_Hope-6_Aft","Hopetech Hope 6 Lander Aft Set"
0x0015D911,"SMSSet_Lander_Hope-6_Mid","Hopetech Hope 6 Lander Mid Set"
0x0015D912,"SMSSet_Lander_Hope-6_Fore","Hopetech Hope 6 Lander Fore Set"
0x0015F47B,"StarbornSaveActorValues",""
0x00160C32,"ENV_Hazard_Parent_Data","An ""array"" of common data - see ENV_Hazard_ParentScript for details"
0x00160C96,"HandScannerPlantKeywords",""
0x00160C97,"HandScannerActorKeywords",""
0x00160D86,"BECivilianShipFactionList",""
0x001625E8,"SMMSet_Engine_Panoptes_Atlas_DT320","Panoptes DT320 Engine Set"
0x001625E9,"SMMSet_Engine_Panoptes_Atlas_DT310","Panoptes DT310 Engine Set"
0x001639EC,"ENV_AFFL_RandomPeriodicEffects_Cold",""
0x00163FEC,"ENV_AFFL_RandomPeriodicEffects_StrongSubharmonics",""
0x00165567,"SMASet_Shields_Dogstar_Protector_60S","Dogstar Protector 60S Set"
0x00165568,"SMASet_Shields_Dogstar_Protector_50S","Dogstar Protector 50S Set"
0x00165569,"SMASet_Shields_Dogstar_Protector_40S","Dogstar Protector 40S Set"
0x0016556A,"SMASet_Shields_Dogstar_Protector_30S","Dogstar Protector 30S Set"
0x0016556B,"SMASet_Shields_Dogstar_Protector_20S","Dogstar Protector 20S Set"
0x0016556C,"SMASet_Shields_Dogstar_Protector_10S","Dogstar Protector 10S Set"
0x0016556D,"SMSSet_Cargo_Dogstar_StorMax_60","Dogstar StorMax 60 Set"
0x0016556E,"SMSSet_Cargo_Dogstar_StorMax_50","Dogstar StorMax 50 Set"
0x00165570,"SMSSet_Cargo_Dogstar_StorMax_40","Dogstar StorMax 40 Set"
0x00165571,"SMSSet_Cargo_Dogstar_StorMax_30","Dogstar StorMax 30 Set"
0x001655AB,"LC082_TrafficManagerShipsFormList",""
0x0016766F,"VoicesMQHunterAquilus",""
0x00167678,"TraitRemovalDoctorDoctorVoiceTypeList",""
0x00167B11,"SMSSet_CargoShielded_Protectorate_Caravel_V101","Protectorate Caravel V101 Shielded Set"
0x00167B12,"SMSSet_Cargo_Protectorate_Caravel_V101","Protectorate Caravel V101 Set"
0x00168673,"WeaponsUnarmed",""
0x00168ABA,"CF03_GenericAllies_VoicetypeFormList",""
0x00168ABD,"CF03_AlliesHoldPositionNearPlayerList",""
0x0016A23C,"CF06Set_ConductionGrid","Conduction Grid"
0x0016A23D,"CF05Set_CompSpike","ComSpike"
0x0016AB20,"OE_CiviliansVisibleFromStarmapKeywords",""
0x0016AB21,"Mission_OE_Civilian_CargoDestination_Science",""
0x0016AB22,"Mission_OE_Civilian_CargoDestination_Civilian",""
0x0016AB23,"Mission_OE_Civilian_CargoDestination_Worker",""
0x0016AB24,"Mission_OE_Civilian_CargoDestination_Miner",""
0x0016AE44,"SMSSet_CargoShielded_Panoptes_deGama_1010","Panoptes deGama 1010 Cargo Shielded Set"
0x0016AE45,"SMSSet_CargoShielded_Panoptes_deGama_1000","Panoptes deGama 1000 Cargo Shielded Set"
0x0016AE46,"SMSSet_CargoShielded_Protectorate_Caravel_V102","Protectorate Caravel V102 Shielded Set"
0x0016AE49,"SMSSet_CargoShielded_Sextant_Ballast_200CM","Sextant 200CM Ballast Shielded Set"
0x0016AE4B,"SMSSet_Cargo_Sextant_Ballast_400CM","Sextant 400CM Ballast Set"
0x0016AE4E,"SMSSet_Cargo_Sextant_Ballast_300CM","Sextant 300CM Ballast Set"
0x0016AE4F,"SMSSet_Cargo_Sextant_Ballast_200CM","Sextant 200CM Ballast Set"
0x0016AE54,"SMSSet_Cargo_Protectorate_Caravel_V104","Protectorate Caravel V104 Set"
0x0016AE57,"SMSSet_Cargo_Protectorate_Caravel_V103","Protectorate Caravel V103 Set"
0x0016AE59,"SMSSet_Cargo_Protectorate_Caravel_V102","Protectorate Caravel V102 Set"
0x0016E07E,"SMSSet_Cargo_Sextant_40T_Hauler","Sextant 40T Hauler Set"
0x0016E07F,"SMSSet_Cargo_Sextant_10T_Hauler","Sextant 10T Hauler Set"
0x0016E080,"SMSSet_Struct_Horizon_2WeapMount","Horizon Two Weapon Mount"
0x0016E081,"SMSSet_Thrust_Nova_Array_PortStbd","Nova Thruster Array Port Stbd"
0x0016E082,"SMSSet_Struct_Nova_RadiatorSmall_PortStbd","Nova Radiator Port Stbd"
0x0016E083,"SMSSet_Struct_Nova_Porthole_PortStbd","Nova Porthole Port Stbd"
0x0016E084,"SMSSet_Struct_Nova_Porthole_ForeAft","Nova Porthole Fore Aft"
0x0016E085,"xSMSSet_Struct_Nova_CowlShort_Aft","Nova Cowl Short Aft Port Stbd Set"
0x0016E086,"xSMSSet_Struct_Nova_CowlShort_Fore","Nova Cowl Short Fore Port Stbd Set"
0x0016E087,"xSMSSet_Struct_Nova_CowlLong_PortStbdFore","Nova Cowl Long Port Stbd Fore Set"
0x0016E088,"xSMSSet_Struct_Nova_CowlLong_ForeAftTop","Nova Cowl Long Fore Aft Top Set"
0x0016E089,"SMASet_Shields_Sextant_Deflector_SG-60_lvl70","Sextant Deflector SG-20 Shields"
0x0016E08A,"SMASet_Shields_Sextant_Deflector_SG-50_lvl52","Sextant Deflector SG-20 Shields"
0x0016E08B,"SMASet_Shields_Sextant_Deflector_SG-40_lvl30","Sextant Deflector SG-20 Shields"
0x0016E08C,"SMASet_Shields_Sextant_Deflector_SG-30_lvl18","Sextant Deflector SG-20 Shields"
0x0016E08D,"SMASet_Shields_Sextant_Deflector_SG-20_lvl10","Sextant Deflector SG-20 Shields"
0x0016E08E,"SMASet_Shields_Nautilus_Bastille_S84_lvl54","Nautilus Bastille S84 Shields"
0x0016E08F,"SMASet_Shields_Nautilus_Bastille_S83_lvl38","Nautilus Bastille S83 Shields"
0x0016E090,"SMASet_Shields_Nautilus_Bastille_S82_lvl20","Nautilus Bastille S82 Shields"
0x0016E091,"SMASet_Shields_Nautilus_Bastille_S81_lvl12","Nautilus Bastille S81 Shields"
0x00171209,"SMSSet_FuelTank_Ballistic_200G","Ballistic FuelTank 200G Set"
0x0017120A,"SMSSet_FuelTank_Ballistic_100G","Ballistic FuelTank 100G Set"
0x0017120B,"SMASet_Shields_Sextant_Deflector_SG-10_lvl6","Sextant Deflector SG-10 Shields"
0x0017120C,"SMASet_Shields_Nautilus_Bastille_S80_lvl4","Nautilus Bastille S80 Shields"
0x0017120D,"SMBSet_Shields_Dogstar_44T_Defender_lvl66","Dogstar 44T Defender"
0x0017120E,"SMBSet_Shields_Dogstar_33T_Defender_lvl52","Dogstar 33T Defender"
0x0017120F,"SMBSet_Shields_Dogstar_22T_Defender_lvl24","Dogstar 22T Defender"
0x00171210,"SMBSet_Shields_Dogstar_11T_Defender_lvl14","Dogstar 11T Defender"
0x00171211,"SMCSet_Shields_Dogstar_103D_Guardian_lvl54","Dogstar 103D Guardian Shields"
0x00171212,"SMCSet_Shields_Dogstar_102D_Guardian_lvl34","Dogstar 102D Guardian Shields"
0x00171213,"SMCSet_Shields_Dogstar_101D_Guardian_lvl20","Dogstar 101D Guardian Shields"
0x00171214,"SMSSet_Lander_Nova_NG-15_Fore","NG-15 Fore Lander Set"
0x00171215,"SMSSet_Lander_Nova_NG-15","NG-15 Lander Set"
0x00171216,"SMLSet_FuelTank_Dogstar_H40","Dogstar H40 Atlas"
0x00171217,"SMLSet_FuelTank_Dogstar_H30","Dogstar H30 Atlas"
0x00171218,"SMLSet_FuelTank_Dogstar_H20","Dogstar H20 Atlas"
0x00171219,"SMLSet_FuelTank_Dogstar_H10","Dogstar H10 Atlas"
0x0017121A,"SMSSet_FuelTank_Dogstar_M40","Dogstar M40 Ulysses"
0x0017121B,"SMSSet_FuelTank_Dogstar_M30","Dogstar M30 Ulysses"
0x0017121C,"SMASet_Engine_Reladyne_White_Dwarf_2010","White Dwarf 2010 Engine Set"
0x0017121D,"SMASet_Engine_Reladyne_White_Dwarf_2000","White Dwarf 2000 Engine Set"
0x001739CB,"SMSSet_HabVariants_HopeTech_1L1W1H_FuselageB","HopeTech Hab Variants 1L1W1H Fuselage B"
0x001739CC,"SMSSet_HabVariants_HopeTech_1L1W1H_FuselageC","HopeTech Hab Variants 1L1W1H Fuselage C"
0x001739CD,"SMSSet_HabVariants_HopeTech_1L1W1H_FuselageD","HopeTech Hab Variants 1L1W1H Fuselage D"
0x001739CE,"SMSSet_HabVariants_HopeTech_1L1W1H_FuselageA","HopeTech Hab Variants 1L1W1H Fuselage A"
0x001749EC,"COM_LocationKeywords_VeryCold",""
0x00176696,"OutpostFoundationHarvesterFlora01List","Organic Flora Foundation"
0x00176697,"OutpostFoundationHarvesterFlora02List","Organic Flora Foundation"
0x00176698,"OutpostFoundationHarvesterFlora03List","Organic Flora Foundation"
0x0017749D,"COM_LocationKeywords_VeryHot",""
0x00177CF4,"LegendaryActorList",""
0x00178B0D,"OutpostDecorPictureFrameList","Picture Frame"
0x00178B0E,"OutpostBulldozerList","Clear Landscape"
0x00178B0F,"OutpostStructures_HallwaysList","Hallway"
0x0017AD8A,"COM_CREW_imGui_x_GiveItem","Give Item"
0x0017ADC9,"SMASet_Engine_Reladyne_White_Dwarf_2020","White Dwarf 2020 Engine Set"
0x0017ADCA,"SMASet_Engine_Reladyne_White_Dwarf_2030","White Dwarf 2020 Engine Set"
0x0017C665,"lootItemsCommon",""
0x0017C666,"lootItemsRare",""
0x0017C667,"lootItemsUncommon",""
0x0017C668,"lootItemsUnique",""
0x00180DD7,"BEHazardFormList",""
0x00180DD8,"BEHazardKeywordList",""
0x00180F0C,"COM_CombatResponseCivilianList_Common",""
0x00182DC4,"UC_RHQ_RC_SciGeneral_Voicetypes",""
0x00182DC9,"UC_RHQ_RC_Guard_Voicetypes",""
0x00182DCB,"UC_RHQ_RC_Hadrian_Voicetypes",""
0x00184015,"DisplayFilter_Backpacks",""
0x00184E7D,"DisplayFilter_Helmets",""
0x001860AA,"ECS_ColonistList",""
0x0018640D,"MS04SlateFilter",""
0x001880E9,"SQ_Doctors_mGUI_0_Main","Doctors"
0x001895E9,"VendorList_Doctors",""
0x0018B09A,"OutpostFoundationWindTurbineAdvanced01List","Powered Wind Turbine Foundation"
0x0018CBF8,"SMSSet_Cargo_Protectorate_Galleon_S202","Protectorate Galleon S202 Set"
0x0018CBF9,"SMSSet_Cargo_Protectorate_Galleon_S201","Protectorate Galleon S201 Set"
0x0018DDA0,"Rad01_LIST_VendorItems",""
0x0019978F,"DisplayFilter_Rifles_Pistols_Ammo",""
0x00199791,"DisplayFilter_HeavyWeapons",""
0x0019D58C,"VoicetypesTerrormorphThralls",""
0x0019EEA6,"WorkshopPenetrationMaterialsList",""
0x0019F9D3,"SMSSet_Docker_Stroud_Connect_Pro_PortStbd","Stroud Connect-Pro Port Stbd Set"
0x001A1D92,"SMSSet_Bay_Stroud_Stability_Pro","Stroud Stability Pro Bay Set"
0x001A2690,"DisplayFilter_WeaponRack",""
0x001A2692,"OutpostDecorWeaponCasesList01","Weapon Case"
0x001A2693,"OutpostDecorDataSlateDisplayList01","Data Slate Display"
0x001A2694,"OutpostDecorWeaponRacksList01","Weapon Rack"
0x001A2C98,"VoicesDialogueLISTColonist",""
0x001A2C99,"VoicesDialogueLISTTrader",""
0x001A43F7,"SMCSet_Engine_Panoptes_Ares_DT230","Panoptes DT230 Engine Set"
0x001A43F8,"SMCSet_Engine_Panoptes_Ares_DT220","Panoptes DT220 Engine Set"
0x001A43F9,"SMBSet_Engine_Panoptes_Ares_DT150","Panoptes DT150 Engine Set"
0x001A43FA,"SMBSet_Engine_Panoptes_Ares_DT140","Panoptes DT140 Engine Set"
0x001A43FB,"SMBSet_Engine_Panoptes_Ares_DT130","Panoptes DT130 Engine Set"
0x001A43FC,"SMBSet_Engine_Panoptes_Ares_DT120","Panoptes DT120 Engine Set"
0x001A43FD,"SMASet_Engine_Panoptes_Ares_DT60","Panoptes DT60 Engine Set"
0x001A43FE,"SMASet_Engine_Panoptes_Ares_DT50","Panoptes DT50 Engine Set"
0x001A43FF,"SMASet_Engine_Panoptes_Ares_DT40","Panoptes DT40 Engine Set"
0x001A4400,"SMASet_Engine_Panoptes_Ares_DT30","Panoptes DT30 Engine Set"
0x001A4401,"SMASet_Engine_Panoptes_Ares_DT20","Panoptes DT20 Engine Set"
0x001A4FB1,"BI_MagicEffectEventTracking",""
0x001A5507,"OutpostFollowCameraCategoryList","Outpost"
0x001A7851,"WorkshopTerrainMaterialTypes",""
0x001A8FDB,"LC088_Key_VossCombatPackageList",""
0x001A9052,"VoicesDialogueOtherPlayer",""
0x001A9617,"VendorItemsChems",""
0x001AA368,"SQ_COM_CREW_AngerCombatOverride_List",""
0x001B2BBD,"Terrormorph_WarnList",""
0x001B4AA8,"WorkshopMenu01Decor02WallDecorations","Wall Decorations"
0x001B4AB4,"WorkshopMenu01Build02Fences","Structures"
0x001B533D,"LocStorySettlementContainerAllowedItems_RIR02",""
0x001B533F,"LocStorySettlementContainerAllowedItems_RIR05",""
0x001B5600,"DefaultCombatMasterPackageList_Pilot",""
0x001B579C,"UC08_FB441_NonQuestMarineGuards",""
0x001B579D,"UC08_FB441_AllMarineGuards",""
0x001B659B,"SQ_TrafficManagerShipListUC",""
0x001B6F88,"Player_Alphabetical_Skills_List",""
0x001BBAB6,"ENV_imGui_7B_Breathing_and_Suit_Integrity","Condition Forms"
0x001BD315,"SQ_Group_Faction_List_Enemy_CrimsonFleet","ONLY SQ_Group_Faction_XXX objects with SQ_GroupScript attached allowed"
0x001BD316,"SQ_Group_Faction_List_Enemy_Ecliptic","ONLY SQ_Group_Faction_XXX objects with SQ_GroupScript attached allowed"
0x001BD317,"SQ_Group_Faction_List_Enemy_Spacer","ONLY SQ_Group_Faction_XXX objects with SQ_GroupScript attached allowed"
0x001BD318,"SQ_Group_Faction_List_Enemy_Varuun","ONLY SQ_Group_Faction_XXX objects with SQ_GroupScript attached allowed"
0x001BE9D0,"SMBSet_Shields_Dogstar_28T_Defender","Dogstar 28T Defender"
0x001BE9D3,"SMSSet_CargoShielded_Sextant_10ST_Hauler","Sextant 10ST Hauler Shielded Set"
0x001BEE39,"CCT_ReactionRadiusCuriousList",""
0x001BF6B5,"VendorItems_UNIQUE_VladimirSall",""
0x001BF7DC,"VendorItemsWeapons",""
0x001BF7DD,"VendorItemsClothing",""
0x001BF9AF,"VoicesDialogueUniqueCrime_TheKey",""
0x001BF9FD,"VendorItems_UNIQUE_Noel",""
0x001C0EEE,"StnSet_Star_Hab_SideCapDocker_1L_A_Set",""
0x001C1517,"StnSet_Star_Plug_Side_Window_A01_Set","Starstation Window Plug Set"
0x001C223E,"TheKeyLocationFormList",""
0x001C23B5,"OutpostFurnitureCouchList01","Couches"
0x001C23C6,"OutpostFurnitureStoolList01","Stools"
0x001C24C9,"VendorItemsMinerals",""
0x001C5146,"OutpostPower_WindTurbineList02",""
0x001C8767,"VendorItemsClothingNeuroamps",""
0x001CF8C7,"OutpostFoundationOpiExtLightPost01List","Lightpost 01 Foundation"
0x001CF8D1,"OutpostFoundationOpiExtLightPostLG01List","Lightpost Large 01 Foundation"
0x001D0417,"OutpostLights_FloodLamps01List","Flood Lamps - Wired"
0x001D0418,"OutpostLights_FloodLamps01List_wireonly","Flood Lamps - Radiated"
0x001D21A1,"NyxsApartmentLocationFormList",""
0x001D21A2,"MadameSauvagesPlaceLocationFormList",""
0x001D24D1,"SE_FAB08_LegendaryWeaponTypes",""
0x001D2F9E,"SMASet_Engine_Reladyne_White_Dwarf_1010","White Dwarf 1010 Engine Variant Set"
0x001D3035,"RQ_VoiceList_Rescue",""
0x001D50F0,"se_LootdropMaster_crateslist",""
0x001DBC95,"SMLSet_Struct_HopeTech_Stern","HopeTech Bow Set"
0x001DBC96,"SMLSet_Struct_HopeTech_Bow","HopeTech Bow Set"
0x001DBC97,"SMLSet_Struct_HopeTech_CapNose_Fore","HopeTech Cap Nose Fore Set"
0x001DBC98,"SMLSet_Struct_HopeTech_CapNose_Aft","HopeTech Cap Nose Aft Set"
0x001DBC99,"SMLSet_Struct_HopeTech_Cap2L","HopeTech Cap 2L Set"
0x001DBC9A,"SMLSet_Struct_HopeTech_Cap1L","HopeTech Cap 1L Set"
0x001E61A0,"FFCydoniaR02_SpacersItemList",""
0x001E61A2,"FFCydoniaR02_SyndicateItemList",""
0x001E61A3,"FFCydoniaR02_HouseVaruunItemList",""
0x001E61A4,"FFCydoniaR02_EclipticItemList",""
0x001E61A5,"FFCydoniaR02_CrimsonFleetItemList",""
0x001E7352,"ShipModuleRecipeCategories_CKOnly","Ship Module Categories CK Only"
0x001E999F,"COM_imGui_4_WantsToTalk","Wants to Talk"
0x001EA0D3,"COM_imGui_3_Flirting","Flirting"
0x001EBAFC,"FactionSharedCrimeList",""
0x001ECD6B,"SQ_Group_Occupation_List_Scientist_Botanist","ONLY SQ_Group_Occupation_XXX objects with SQ_GroupOccupationScript attached allowed"
0x001F63E6,"DisplayFilter_Pistols",""
0x001F63E9,"DisplayFilter_Rifles",""
0x001F63EC,"City_CY_RedTape02_PirateVoiceList",""
0x001F7778,"VoicesDialogueChildren",""
0x001F9AF2,"OutpostStorage_WarehouseList",""
0x001F9AF4,"OutpostStorage_GasList",""
0x001F9AF5,"OutpostStorage_LiquidList",""
0x001F9AF8,"OutpostStorage_SolidList",""
0x001FA847,"OutpostHarvesterSolid_VytiniumList",""
0x001FB257,"OutpostBuilderOrganic_FaunaList",""
0x001FB258,"OutpostBuilderOrganic_FloraList",""
0x001FC86D,"DisplayFilter_DataSlatesKeycards",""
0x001FE730,"UC04_Yumi_HoldPositionCombatOverride",""
0x001FEFC2,"DefaultPackageList",""
0x0020275D,"OutpostHarvesterSolid_RothiciteList",""
0x0020275E,"OutpostHarvesterSolid_IndiciteList",""
0x0020275F,"OutpostHarvesterSolid_AdumiteList",""
0x00202760,"OutpostHarvesterLiquid_TasineList",""
0x00202761,"OutpostHarvesterGas_VerylList",""
0x002031DA,"OutpostPower_WindTurbineList01",""
0x002031DB,"OutpostPower_SolarDomeList",""
0x002031DC,"OutpostPower_SolarArrayList",""
0x00203D72,"OutpostHarvesterSolid_VanadiumList",""
0x00203D73,"OutpostHarvesterSolid_UraniumList",""
0x00203D74,"OutpostHarvesterSolid_TungstenList",""
0x00203D75,"OutpostHarvesterSolid_TitaniumList",""
0x00203D76,"OutpostHarvesterSolid_TantalumList",""
0x00203D77,"OutpostHarvesterSolid_SilverList",""
0x00203D78,"OutpostHarvesterSolid_PlutoniumList",""
0x00203D79,"OutpostHarvesterSolid_PlatinumList",""
0x00203D7A,"OutpostHarvesterSolid_PalladiumList",""
0x00203D7B,"OutpostHarvesterSolid_NickelList",""
0x00203D7C,"OutpostHarvesterSolid_NeodymiumList",""
0x00203D7D,"OutpostHarvesterSolid_LithisumList",""
0x00203D7E,"OutpostHarvesterSolid_LeadList",""
0x00203D7F,"OutpostHarvesterSolid_IronList",""
0x00203D80,"OutpostHarvesterSolid_IndiumList",""
0x00203D81,"OutpostHarvesterSolid_GoldList",""
0x00203D82,"OutpostHarvesterSolid_EuropiumList",""
0x00203D83,"OutpostHarvesterSolid_DysprosiumList",""
0x00203D84,"OutpostHarvesterSolid_CopperList",""
0x00203D85,"OutpostHarvesterSolid_CobaltList",""
0x00203D86,"OutpostHarvesterLiquid_CaesiumList",""
0x00203D87,"OutpostHarvesterSolid_BerylliumList",""
0x00203D88,"OutpostHarvesterSolid_AntimonyList",""
0x00203D89,"OutpostHarvesterSolid_AluminumList",""
0x00203DC4,"OutpostHarvesterLiquid_WaterList",""
0x00203DC5,"OutpostHarvesterGas_TetrafluoridesList",""
0x00203DC6,"OutpostHarvesterLiquid_MercuryList",""
0x00203DC7,"OutpostHarvesterLiquid_IonicLiquidList",""
0x00203DC8,"OutpostHarvesterLiquid_ChlorosilanesList",""
0x00203DC9,"OutpostHarvesterLiquid_CarboxylicAcidsList",""
0x00203DDE,"OutpostHarvesterGas_XenonList",""
0x00203DDF,"OutpostHarvesterGas_NeonList",""
0x00203DE0,"OutpostHarvesterGas_HeliumList",""
0x00203DE1,"OutpostHarvesterGas_FluorineList",""
0x00203DE2,"OutpostHarvesterGas_ChlorineList",""
0x00203DE3,"OutpostHarvesterGas_ArgonList",""
0x00203DF4,"OutpostHarvesterGas_BenzeneList",""
0x00203DF5,"OutpostHarvesterGas_AlkanesList",""
0x00203DFB,"OutpostHarvesterAtmosphere_WaterList",""
0x002076DA,"OutpostFoundationAtmosphereSmall01List","Atmosphere Foundation Small"
0x00207704,"OutpostFoundationAtmosphereLarge01List","Atmosphere Foundation Large"
0x00207CD8,"OutpostFoundationTransferContainer01List","Transfer Container Foundation"
0x002081B6,"StnSet_Star_Hab01_SideCap_Right_A_Set","Starstation Hab SideCap Right A Set"
0x002081B7,"StnSet_Star_Hab01_SideCap_Left_A_Set","Starstation Hab SideCap Left A Set"
0x002081B8,"StnSet_Star_Hab01_SideCap_2L_B_Set","Starstation Hab SideCap 2L B Set"
0x002081B9,"StnSet_Star_Hab01_SideCap_2L_A_Set","Starstation Hab SideCap 2L A Set"
0x002081BA,"StnSet_Star_Hab01_SideCap_1L_C_Set","Starstation Hab SideCap 1L C Set"
0x002081BB,"StnSet_Star_Hab01_SideCap_1L_B_Set","Starstation Hab SideCap 1L B Set"
0x002081BC,"StnSet_Star_Hab01_SideCap_1L_A_Set","Starstation Hab SideCap 1L A Set"
0x002081BD,"StnSet_Star_Pipe01_Riser_SideSplit_A_Set","Starstation Pipe Riser SideSplit A Set"
0x002081BE,"StnSet_Star_Pipe01_Riser_3Way_A_Set","Starstation Pipe Riser 3Way A Set"
0x002081BF,"StnSet_Star_Pipe01_Elevate_A_Set","Starstation Pipe Elevate A Set"
0x002081C0,"StnSet_Star_Pipe01_CornerUp_A_Set","Starstation Pipe Corner Up A Set"
0x002081C1,"StnSet_Star_Pipe01_CornerDown_A_Set","Starstation Pipe Corner Down A Set"
0x002081C2,"StnSet_Star_Pipe01_CornerDouble_A_Set","Starstation Pipe Corner Double A Set"
0x002081C3,"StnSet_Star_Pipe01_Corner_A_Set","Starstation Pipe Corner A Set"
0x002081C4,"StnSet_Star_Pipe01_3Way_A_Set","Starstation Pipe 3Way A Set"
0x002081C5,"StnSet_Star_Pipe01_3Way_2L_A_Set","Starstation Pipe 3Way 2L A Set"
0x002081C6,"StnSet_Star_Pipe01_1Way_A_Set","Starstation Pipe 1Way A Set"
0x002081C7,"StnSet_Star_Struct01_SolarVert_A_Set","Starstation Solar Panels Vertical Set"
0x002081C8,"StnSet_Star_Struct01_SolarHoriz_A_Set","Starstation Solar Panels Horizontal Set"
0x002081C9,"StnSet_Star_Struct01_Crane_A_Set","Starstation Struct Crane A Set"
0x002081CA,"StnSet_Star_Struct01_Cargo_A_Set","Starstation Struct Cargo A Set"
0x002081CB,"StnSet_Star_Truss01_CornerBrace_A_Set","Starstation Truss Corner Brace A Set"
0x002081CC,"StnSet_Star_Truss01_Bridge_1Way_A_Set","Starstation Truss Bridge 1Way A Set"
0x002081CD,"StnSet_Star_Truss01_5Way_A_Set","Starstation Truss 5Way A Set"
0x002081CE,"StnSet_Star_Truss01_4WayCorner_A_Set","Starstation Truss 4WayCorner A Set"
0x002081CF,"StnSet_Star_Truss01_3Way_A_Set","Starstation Truss 3Way A Set"
0x002081D0,"StnSet_Star_Truss01_1Way_C_Set","Starstation Truss 1Way C Set"
0x002081D1,"StnSet_Star_Truss01_1Way_B_Set","Starstation Truss 1Way B Set"
0x002081D2,"StnSet_Star_Truss01_1Way_A_Set","Starstation Truss 1Way A Set"
0x00208335,"StnSet_Star_Wall01_1Way_4L_D_Set","Starstation Wall D Set"
0x00208336,"StnSet_Star_Wall01_1Way_4L_C_Set","Starstation Wall C Set"
0x00208337,"StnSet_Star_Wall01_1Way_4L_B_Set","Starstation Wall B Set"
0x00208338,"StnSet_Star_Wall01_1Way_4L_A_Set","Starstation Wall A Set"
0x0020925F,"StnSet_Star_Hab01_TopCap_2L_Set","Starstation Hab 2L Top Cap Set"
0x0020926C,"StnSet_Star_Hab01_2L1W1H_A_Set","Starstation Hab 2x1x1 Set"
0x00209441,"StnSet_Star_Hab01_Docker_A_Set","Starstation Docker A Set"
0x0020988E,"OutpostHarvesterAtmosphere_Helium3List",""
0x0020A08A,"OutpostHarvesterSolid_YtterbiumList",""
0x0020A08B,"OutpostHarvesterAtmosphere_FluorineList",""
0x0020A08C,"OutpostHarvesterAtmosphere_ChlorineList",""
0x0020A08D,"OutpostHarvesterAtmosphere_BenzeneList",""
0x0020A08E,"OutpostHarvesterAtmosphere_AlkanesList",""
0x0020EC31,"VoicesDialogueStarbornShip_Unique",""
0x0020EC32,"VoicesDialogueStarborn_Unique",""
0x0020FE4A,"NewAtlantisVendorVeryHighManufactured",""
0x0020FE4B,"NewAtlantisVendorVeryHighOrganicResources",""
0x0020FE4C,"NewAtlantisVendorVeryHighInorganicResources",""
0x0020FE4D,"NewAtlantisVendorHighManufactured",""
0x0020FE4E,"NewAtlantisVendorHighOrganicResources",""
0x0020FE4F,"NewAtlantisVendorHighInorganicResources",""
0x0020FE50,"NewAtlantisVendorVeryLowManufactured",""
0x0020FE51,"NewAtlantisVendorVeryLowOrganicResources",""
0x0020FE52,"NewAtlantisVendorVeryLowInorganicResources",""
0x0020FE53,"NewAtlantisVendorLowManufactured",""
0x0020FE54,"NewAtlantisVendorLowOrganicResources",""
0x0020FE55,"NewAtlantisVendorLowInorganicResources",""
0x002117CC,"NeonVendorVeryHighManufactured",""
0x002117CD,"NeonVendorVeryHighOrganicResources",""
0x002117CE,"NeonVendorVeryHighInorganicResources",""
0x002117CF,"NeonVendorHighManufactured",""
0x002117D0,"NeonVendorHighOrganicResources",""
0x002117D1,"NeonVendorHighInorganicResources",""
0x002117D2,"NeonVendorVeryLowManufactured",""
0x002117D3,"NeonVendorVeryLowOrganicResources",""
0x002117D4,"NeonVendorVeryLowInorganicResources",""
0x002117D5,"NeonVendorLowManufactured",""
0x002117D6,"NeonVendorLowOrganicResources",""
0x002117D7,"NeonVendorLowInorganicResources",""
0x002117D8,"CydoniaVendorVeryHighManufactured",""
0x002117D9,"CydoniaVendorVeryHighOrganicResources",""
0x002117DA,"CydoniaVendorVeryHighInorganicResources",""
0x002117DB,"CydoniaVendorHighManufactured",""
0x002117DC,"CydoniaVendorHighOrganicResources",""
0x002117DD,"CydoniaVendorHighInorganicResources",""
0x002117DE,"CydoniaVendorVeryLowManufactured",""
0x002117DF,"CydoniaVendorVeryLowOrganicResources",""
0x002117E0,"CydoniaVendorVeryLowInorganicResources",""
0x002117E1,"CydoniaVendorLowManufactured",""
0x002117E2,"CydoniaVendorLowOrganicResources",""
0x002117E3,"CydoniaVendorLowInorganicResources",""
0x002117E5,"AkilaVendorVeryHighManufactured",""
0x002117E6,"AkilaVendorVeryHighOrganicResources",""
0x002117E7,"AkilaVendorVeryHighInorganicResources",""
0x002117E8,"AkilaVendorHighManufactured",""
0x002117EA,"AkilaVendorHighInorganicResources",""
0x002117EB,"AkilaVendorVeryLowManufactured",""
0x002117EC,"AkilaVendorVeryLowOrganicResources",""
0x002117ED,"AkilaVendorVeryLowInorganicResources",""
0x002117EE,"AkilaVendorLowManufactured",""
0x002117EF,"AkilaVendorLowInorganicResources",""
0x002117F0,"AlikaVendorLowOrganicResources",""
0x00215EDA,"COM_imGui_1C_QuestEvemts","ALL Events"
0x00215EDB,"COM_imGui_1B_CommentTriggers","Action Events"
0x00215EDC,"COM_imGui_1A_Actions","Action Events"
0x00215EDD,"COM_imGui_1_AffinityEvents","Affinity Events (current as of 10/22/2020)"
0x00215EDE,"COM_imGui_2_ConditionForms","Condition Forms"
0x0021968A,"Neon_Chem_Minigame_FormList",""
0x002199FF,"VoicesDialogueGuards_Neon_Female",""
0x00219A70,"UC05_UCArchiveGuardVoicetypes",""
0x00219A71,"UC05_FreestarArchiveGuardVoicetypes",""
0x0021C302,"xSMSSet_Struct_Taiyo_Cowl_BtmSetA","Taiyo Cowling Bottom Set"
0x0021C303,"xSMSSet_Struct_Taiyo_Cowl_TopSetA","Taiyo Cowling Top Set"
0x0021C30F,"SMSSet_Struct_Taiyo_EndCapSet","Taiyo EndCap Set"
0x0021C312,"SMSSet_Struct_Taiyo_SideCapSet","Taiyo SideCap Variant Set"
0x0021C316,"SMSSet_Lander_Taiyo_Ama","Taiyo Lander Port Stb Set"
0x0021CA68,"UC05_FreestarEmbassyGuardVoicetypes",""
0x0021CE45,"SMSSet_Struct_Taiyo_Ama_AftCapSet","Taiyo Aft Cap Set"
0x0021CE46,"SMSSet_Struct_Taiyo_Ama_NoseCapSet","Taiyo Nose Cap Set"
0x0021CE48,"SMSSet_Struct_Taiyo_Ama_MidCapSet","Taiyo Mid Cap Variant Set"
0x0021CE50,"SMSSet_Thrust_Taiyo_Ama","Taiyo Thrust Ama Set"
0x0021CE52,"SMSSet_Bay_Taiyo_Ship_Bed_200","Taiyo Ship Bed 200 Landing Bay"
0x0021CE56,"SMSSet_Lander_Taiyo_Pinpoint_3G_Aft","Pinpoint 3G Lander Aft Set "
0x0021CE57,"SMSSet_Lander_Taiyo_Pinpoint_3G_Mid","Pinpoint 3G Lander Mid Set"
0x0021CE65,"SMBSet_Engine_Reladyne_Nova_1050","Reladyne Nova 1050 Set"
0x0021CE66,"SMBSet_Engine_Reladyne_Nova_1040","Reladyne Nova 1040 Set"
0x0021CE67,"SMBSet_Engine_Reladyne_Nova_1030","Reladyne Nova 1030 Set"
0x0021CE68,"SMBSet_Engine_Reladyne_Nova_1020","Reladyne Nova 1020 Set"
0x0021CE69,"SMBSet_Engine_Reladyne_Nova_1010","Reladyne Nova 1010 Set"
0x0021CE6B,"SMBSet_Engine_Reladyne_Nova_1000","Reladyne Nova 1000 Set"
0x0021E739,"CREW_imGui_2_Actors","Actors"
0x0021E73A,"CREW_imGui_1_Commands","Commands"
0x0021E73B,"CREW_imGui_0_Main","Crew"
0x0021FCDF,"CREW_VoiceTypes_Generic",""
0x0022183C,"se_Raid_SpacerShipList",""
0x002218EE,"ENV_AFFL_RandomPeriodicEffects_ToxicSubstance",""
0x00223433,"UC04_CoweringNPCs_BlockingHellosFormList",""
0x002254E9,"SMBSet_Engine_Panoptes_Ares_DT160","Panoptes DT160 Engine Set"
0x002254F1,"MQ207C_RafaelCombatPackageList",""
0x002258C8,"SMSSet_FuelTank_Nautilus_Titan_550","Nautilus Titan 550 Set"
0x002258C9,"SMSSet_FuelTank_Nautilus_Titan_350","Nautilus Titan 350 Set"
0x002258CA,"SMSSet_FuelTank_Nautilus_Titan_450","Nautilus Titan 450 Set"
0x002258D2,"SMSSet_Cargo_Sextant_30T_Hauler","Sextant 30T Hauler Set"
0x002258D8,"SMSSet_Cargo_Panoptes_deGama_1020","Panoptes deGama 1020 Cargo Set"
0x002258D9,"SMSSet_Cargo_Panoptes_deGama_1010","Panoptes deGama 1010 Cargo Set"
0x002258DA,"SMSSet_Cargo_Panoptes_deGama_1000","Panoptes deGama 1000 Cargo Set"
0x002258DC,"SMSSet_FuelTank_Ballistic_300G","Ballistic FuelTank 300G Set"
0x002258FC,"SMSSet_Struct_HopeTech_PipeMids01","HopeTech Pipe Mid Variant Set"
0x0022644C,"SQ_imGui_1_Quests","SQ quests"
0x0022644D,"SQ_imGui_0_Main","Missions"
0x0022644E,"SQ_imGui_1_Missions","Missions"
0x00226594,"SMSSet_FuelTank_Ballistic_800G","Ballistic FuelTank 800G Set"
0x002265A1,"SMSSet_Struct_HopeTech_NoseA","HopeTech Nose Set"
0x002274ED,"SMSSet_Struct_HopeTech_PipeEnds01","HopeTech Pipe End Set"
0x002274FC,"SMSSet_Struct_HopeTech_CapAft01","HopeTech Cap Aft Set"
0x002274FD,"SMSSet_Struct_HopeTech_CapMid01","HopeTech Cap Mid Set"
0x002274FE,"SMSSet_Struct_HopeTech_CapFore01","HopeTech Cap Fore Set"
0x00228CBA,"ShipClassForPilotRank",""
0x00229C68,"SMASet_Shields_Sextant_Deflector_SG-35","Sextant Deflector SG-35 Shields"
0x0022A975,"SnapBehaviorDisableLinkedRefKeywordList","Snap Behavior disable linked ref keywords"
0x0022B2B9,"SMSSet_Docker_Deimos_110DP","Deimos Docker 110DP Set"
0x0022B2BA,"SMSSet_Bay_Deimos_120LD","Deimos Bay 120LD Set"
0x0022B93C,"ContainerFilter_CargoLink","Container filter"
0x0022C1DF,"FatManExplosionsList",""
0x0022D108,"SMSSet_Struct_Deimos_Wing05","Deimos Struct Wing Set"
0x0022D109,"SMSSet_Struct_Deimos_Wing04","Deimos Struct Wing Set"
0x0022D10A,"SMSSet_Struct_Deimos_Wing03","Deimos Struct Wing Set"
0x0022D10B,"SMSSet_Struct_Deimos_Wing02","Deimos Struct Wing Set"
0x0022D10C,"SMSSet_Struct_Deimos_Wing01","Deimos Struct Wing Set"
0x0022DB57,"SMCSet_Engine_Panoptes_Ares_DT210","Panoptes DT210 Engine Set"
0x0022DB58,"SMBSet_Engine_Panoptes_Ares_DT110","Panoptes DT110 Engine Set"
0x0022DB59,"SMASet_Engine_Panoptes_Ares_DT10","Panoptes DT10 Engine Set"
0x00231330,"UC02_HadrianCombatOverride",""
0x002319B2,"ShipClassOrder",""
0x00232658,"CREW_imGui_3_ConditionForms","Condition Forms"
0x0023311F,"SMSSet_Struct_Stroud_Cap09","Stroud Struct Cap 09 Set"
0x00233120,"SMSSet_Struct_Stroud_Cap08","Stroud Struct Cap 08 Set"
0x00233121,"SMSSet_Struct_Stroud_Cap07","Stroud Struct Cap 07 Set"
0x00233122,"SMSSet_Struct_Stroud_Cap06","Stroud Struct Cap 06 Set"
0x00233123,"SMSSet_Struct_Stroud_Cap05","Stroud Struct Cap 05 Set"
0x00233124,"SMSSet_Struct_Stroud_Cap04","Stroud Struct Cap 04 Set"
0x00233125,"SMSSet_Struct_Stroud_Cap03","Stroud Struct Cap 03 Set"
0x0023312A,"SMASet_Engine_Slayton_SA-4110","Slayton SA-4110 Set"
0x00233176,"SMSSet_Struct_Stroud_Cap02_1L","Stroud Struct Set 1L"
0x0023317F,"SMSSet_Struct_Stroud_EngMount_Set","Stroud Structural Engine Mount"
0x00233189,"SMSSet_Struct_Stroud_Cap01_3L","Stroud Struct Set 3L"
0x002331EA,"SMSSet_Hab_Stroud_Default_1L1W1H","Stroud Hab 1x1x1 Set"
0x0023334C,"SMSSet_Lander_Stroud_Accu-lander_11","Stroud Accu-lander 11 Set"
0x0023BA31,"COM_imGui_0_Main","Companions & Followers"
0x0023BA32,"imGui_Actor_ROOT","Custom Menus"
0x0023C705,"ENV_imGui_2A_Mods","Mods"
0x0023C7B3,"ENV_imGui_7_ConditionForms","Condition Forms"
0x0023DDFA,"ENV_imGui_8_Bat","Batch Files"
0x0023DEF3,"MQ204_HunterCombatOverrideList",""
0x0023E949,"OutpostFurnitureCabinetGenList01","Cabinets"
0x0023E96D,"FFCydoniaR03_BookList",""
0x0023F81D,"UC04_SpaceportGuard_VoicetypeFormList",""
0x0023F821,"UC04_WoundedSoldiers_VoicetypeFormList",""
0x0023F864,"ENV_imGui_5_Magic","Magic"
0x0023F865,"ENV_imGui_4_ActorValues","ActorValues"
0x0023F866,"ENV_imGui_3_Keywords","Keywords & Perks"
0x0023F867,"ENV_imGui_2_Equipment","Equipment"
0x0023F951,"UC04_HoldPositionCombatOverride",""
0x002407D8,"OutpostBuilder_TEST","Builder - TEST"
0x00243B1E,"ENV_imGui_1_Actors","PRID Actors"
0x0024465E,"ENV_imGui_0_Main","Environmental Gameplay"
0x00244871,"UC08_AB_CombatOverride_AnomalyIntroPackaging",""
0x00244874,"UC08_HostileThrallsFleeCombatOverrideList",""
0x00244879,"UC08_AB_CombatOverride_PlayerAllyThrallPackages",""
0x0024487B,"UC08_AB_CombatOverride_AnomalyPackaging",""
0x00244896,"DisplayFilter_Melee",""
0x00245EB2,"VoicesDialogueSoldiers_MarineOnly",""
0x00245EB3,"VoicesDialogueShipSoldiers_MarineOnly",""
0x00245EE3,"VoicesDialogueSoldiers",""
0x00245EE5,"VoicesDialogueEclipticShipANDSoldiers",""
0x00245EE6,"VoicesDialogueEclipticANDSoldiers",""
0x002483B1,"COM_DropUsefulItemList_Ignored",""
0x00248890,"OutpostFoundationPowerFueledGenerator01List","Power Fueled Generator Foundation"
0x00249BA5,"OutpostBuilder_Assembled03List","Builder - High Tech"
0x0024A024,"HeadPartsHumanRace",""
0x0024C5FA,"TrilobiteCombatOverrideList",""
0x0024DDC1,"HealingItemsList","Sorted list of items that can heal"
0x0024DDC8,"VoicesDialogueCrowdList",""
0x002516A8,"DisplayFilter_AllAmmo",""
0x002524E9,"CF_Voicetype_SysDef_Marine01",""
0x002524EB,"CF_Voicetype_SysDef_Marine02",""
0x00252B59,"DefaultModuleImpactDatas","DefaultModuleImpactDatas"
0x002534C5,"SettlerBartenderVoices",""
0x00255E75,"VoicesDialogueFirstShip",""
0x0025834E,"CCT_ReactionRadiusWarnList",""
0x002584EB,"MS06_ResourceTypes",""
0x00259F20,"ENV_AFFL_RandomPeriodicEffects_HeavyMetals",""
0x00259F5A,"OutpostFurnitureBenchList01","Benches"
0x00259F5C,"OutpostFurnitureBedList01_SleepingBags","Beds"
0x0025DBE2,"LC088_Vigilance_GenericAlliesVoicetypes",""
0x0025DCBE,"LC088_Vigilance_GenericPrisonerVoicetypes",""
0x0026048F,"MQ101BarrettCombatOverrideList",""
0x00260A17,"RAD06QuestGiverFormList","RAD06 List of Quest Giver VoiceTypes"
0x0026122F,"HandscannerSpells","HandscannerSpells"
0x00265B98,"ContainerFilter_Helium3","Container filter"
0x00265BCF,"ContainerFilter_Water","Container filter"
0x0026A75B,"ShipBuilderSnapNodeWhitelist01","whitelist of snap template nodes ship builder considers valid"
0x0026C1C5,"LC088_Huan_AmbushEnemiesCombatPackageList",""
0x0026D367,"LC088_Vigilance_Brig_ReleasedPrisonerCombatPackageList",""
0x0026F689,"DefaultMasterPackageList_Robot",""
0x0026F68A,"DefaultMasterPackageList_Creature",""
0x0026F7AB,"UC02_TEMP_TurretCombatOverride",""
0x0026FE6D,"SMSSet_Lander_Taiyo_Pinpoint_3G_Fore","Pinpoint 3G Lander Fore Set"
0x0026FE6E,"SMSSet_Lander_Hope_Hope_5","Hope 5 Lander Set"
0x0026FE6F,"SMSSet_Lander_Deimos_220CB","320CB Lander Set"
0x0026FE72,"SMSSet_Lander_Deimos_320CB","320CB Lander Set"
0x0026FE73,"SMSSet_Lander_Nova_NG-20_All_Variants","NG-20 Lander Set"
0x0026FF93,"UC02_TerrormorphFleeCombatOverrideList",""
0x002702BD,"LC088_Vigilance_FleeToDockingPortList",""
0x0027100B,"SMSSet_Struct_Deimos_Thrust_Aft_Set","Deimos Thruster Aft Set"
0x0027100C,"SMSSet_Struct_Deimos_Thrust_Fore_Set","Deimos Thruster Fore Set"
0x0027100D,"ShipModSet_Thrust_Deimos_Set","Thruster Deimos Set"
0x0027100F,"ShipModSet_Engines_DogStarA_3L3W3H_Set","Engine Variant Set"
0x00271011,"SMLSet_Hab01_Deimos_6L3W3H_A","Hab Deimos 2L Set A"
0x00271012,"SMLSet_Hab01_Deimos_3L3W3H_C","Hab Deimos Set C"
0x00271013,"SMLSet_Hab01_Deimos_3L3W3H_B","Hab Deimos Set B"
0x00271023,"SMSSet_Lander_Nova_NG-10","NG-10 Lander Set"
0x00271024,"SMSSet_Lander_Nova_NG-10_ALT","NG-10 Lander Set"
0x00271025,"SMLSet_Hab01_Deimos_3L3W3H_A","Hab Deimos Set A"
0x00271026,"SMSSet_Lander_Hope_Hope_55","Hope 55 Lander Set"
0x00271027,"SMSSet_Struct_Nova_Wing","Nova Struct Wing"
0x00271138,"VoicesDialogueChunksEmployee",""
0x0027113C,"VoicesDialogueTerrabrewEmployee",""
0x00273671,"SMSSet_Docker_Taiyo_Extender_Port_200","Taiyo Extender Port 200 Set"
0x00274234,"LC088_Captain_NaevaAndAlliesHoldPositionList",""
0x00276B03,"COM_IgnoreAffinityEventCooldownOnChangeLocation_Locations",""
0x002777B3,"ContainerFilter_Builder","Container filter"
0x0027BAC8,"ShipModuleOrientationOrdering",""
0x0027BAC9,"SMASet_Engine_Reladyne_White_Dwarf_1000","White Dwarf 1000 Engine Set"
0x0027EA99,"xSMSSet_Struct_Nova_CowlLong_MidPortStbd","Nova Cowl Long Mid Port Stbd Set"
0x0027EAB3,"xSMSSet_Struct_Nova_CowlLong_PortStbdAft","Nova Cowl Long Port Stbd Aft Set"
0x00280218,"FCNeon_KosmosBakas_OrgResourcesList",""
0x00280901,"DisplayFilter_Mannequins",""
0x002891D1,"VoicesDialogueGuards_Freestar",""
0x002891D2,"VoicesDialogueGuards_Neon",""
0x002891D3,"VoicesDialogueGuards_UC",""
0x0028ADA1,"ContainerFilter_Organic","Container filter"
0x0028FDD9,"UC01_SimEnemyShips_VoicetypeFormList",""
0x0028FDDB,"UC01_SimEnemyShips_FormList",""
0x0028FF88,"VoicesDialogueGuards",""
0x002900AB,"SpaceshipPartSelectMinValues",""
0x00293A1E,"DebugLocationMarkupCellQuests",""
0x00293AE0,"OutpostFurnitureTablesSmallList01","Tables"
0x00293AE5,"OutpostFurnitureTablesIndKitList01","Tables"
0x00293AF0,"OutpostDecorCeilingLightsList01","Light Fixture"
0x00293AFD,"DONOTUSE_OutpostDecorFloorShelvesList01","Supply Shelf"
0x00293AFE,"DONOTUSE_OutpostDecorWallShelvesList02","Wall Shelf"
0x00293AFF,"OutpostDecorWallShelvesList01","Wall Shelf"
0x00293B02,"OutpostFurnitureCouchModList01Sm","Couches"
0x002951FF,"OutpostFurnitureTablesMilitaryList01","Tables"
0x00296339,"OutpostFurnitureChairList01","Chairs"
0x0029634F,"VoicesDialogueUniqueCombat",""
0x002963AE,"ResearchCategories_List","Research Categories"
0x00297DE1,"PCM_Predator_FeedIdles",""
0x00298ED6,"CF06_BenjaminBayu_CombatOverride",""
0x0029954B,"ContainerFilter_Gas","Container filter"
0x0029954C,"ContainerFilter_Liquid","Container filter"
0x0029954D,"ContainerFilter_Solid","Container filter"
0x0029C458,"OutpostBuilder_Assembled01List","Builder - Basic"
0x0029C459,"OutpostBuilder_Assembled02List","Builder - Advanced"
0x0029C9A3,"VoicesDialogueGenericShipALL",""
0x002A17DF,"VoicesSpeechChallengeGetItem",""
0x002A76A8,"SMSSet_Lander_Taiyo_Pinpoint_3G_All_Variants","Pinpoint 3G Lander All"
0x002A76A9,"SMSSet_Lander_Nova_NG-10_All_Variants","NG-10 Lander Set"
0x002A76AA,"SMSSet_Lander_Nova_NG-15_All_Variants","NG-15 Lander Set"
0x002A84E1,"PreviewDefaultCameras","List of cameras that will show up in the animation preview window. The top one will always be selected first."
0x002ADF87,"SMSSet_Struct_Taiyo_SpineSet","Taiyo Spine Variant Set"
0x002B1B8D,"MQ207_CompanionsPlusEmissary_VoicesList",""
0x002B414B,"PreviewIdlePartialTypes","Used by the editor to change the partial idle applied on top of the base"
0x002B97DC,"SMSSet_Struct_HopeTech_Cap_All_Variants","HopeTech Cap Variant Set"
0x002B97DD,"SMSSet_Struct_Deimos_Bumper_All_Variants","Deimos Bumper Mid Set"
0x002B97DE,"SMSSet_Struct_Taiyo_Cowl_TopBtmSetA","Taiyo Cowling Top Bottom Variant Set"
0x002B97DF,"SMSSet_Struct_Taiyo_Ama_NoseAftCapSet","Taiyo Aft Cap Set"
0x002B97F2,"LC051_RR_StayAtSelf","LC051_RR_StayAtSelf"
0x002BA8A3,"RI_RadiantQuestVoiceTypesList",""
0x002BCA39,"VoicesDialogueScum",""
0x002BCA3A,"VoicesDialogueCitizensAll",""
0x002BCA3F,"VoicesDialogueSpacer",""
0x002BCA40,"VoicesDialogueUCSecurity",""
0x002BCA45,"VoicesDialogueFreestarSecurity",""
0x002BCA4A,"VoicesDialogueNeonSecurity",""
0x002BCA4F,"VoicesDialogueEcliptic",""
0x002BCA54,"VoicesDialogueSeokguh",""
0x002BCA55,"VoicesDialogueVaruunZealot",""
0x002BCA56,"VoicesDialogueStarborn",""
0x002BCB5A,"VoicesDialogueCitizensShipAll",""
0x002BCB61,"VoicesDialogueEclipticShip",""
0x002BCB66,"VoicesDialogueUCSecurityShip",""
0x002BCB6B,"VoicesDialogueFreestarSecurityShip",""
0x002BCB70,"VoicesDialogueStarbornShip",""
0x002BCB71,"VoicesDialogueVaruunZealotsShip",""
0x002BCB7B,"VoicesDialogueScumShip",""
0x002BCB80,"VoicesDialogueSpacerShip",""
0x002BDCC7,"ENV_AFFL_Infection_AAA_List","used in ENV_PeriodicEffectScript"
0x002BDCC8,"ENV_AFFL_Injury_FracturedLimb_List","used in ENV_PeriodicEffectScript"
0x002BDCC9,"ENV_AFFL_Injury_AAA_List","used in ENV_PeriodicEffectScript"
0x002BDCCA,"ENV_AFFL_Injury_BrainInjury_List","used in ENV_PeriodicEffectScript"
0x002BDCCB,"ENV_AFFL_Injury_Concussion_List","used in ENV_PeriodicEffectScript"
0x002BDCCC,"ENV_AFFL_Injury_Contusions_List","used in ENV_PeriodicEffectScript"
0x002BDCCD,"ENV_AFFL_Injury_DislocatedLimb_List","used in ENV_PeriodicEffectScript"
0x002BDCCE,"ENV_AFFL_Injury_FracturedSkull_List","used in ENV_PeriodicEffectScript"
0x002BDCCF,"ENV_AFFL_Injury_Frostbite_List","used in ENV_PeriodicEffectScript"
0x002BDCD0,"ENV_AFFL_Injury_Heatstroke_List","used in ENV_PeriodicEffectScript"
0x002BDCD1,"ENV_AFFL_Injury_Hernia_List","used in ENV_PeriodicEffectScript"
0x002BDCD2,"ENV_AFFL_Injury_Hypothermia_List","used in ENV_PeriodicEffectScript"
0x002BDCD3,"ENV_AFFL_Injury_Lacerations_List","used in ENV_PeriodicEffectScript"
0x002BDCD4,"ENV_AFFL_Injury_Poisoning_List","used in ENV_PeriodicEffectScript"
0x002BDCD5,"ENV_AFFL_Injury_PunctureWounds_List","used in ENV_PeriodicEffectScript"
0x002BDCD6,"ENV_AFFL_Injury_RadiationPoisoning_List","used in ENV_PeriodicEffectScript"
0x002BDCD7,"ENV_AFFL_Injury_Sprain_List","used in ENV_PeriodicEffectScript"
0x002BDCD8,"ENV_AFFL_Injury_TornMuscle_List","used in ENV_PeriodicEffectScript"
0x002BDCD9,"ENV_AFFL_Infection_BoneInfection_List","used in ENV_PeriodicEffectScript"
0x002BDCDA,"ENV_AFFL_Infection_BrainInfection_List","used in ENV_PeriodicEffectScript"
0x002BDCDB,"ENV_AFFL_Infection_IntestinalInfection_List","used in ENV_PeriodicEffectScript"
0x002BDCDC,"ENV_AFFL_Infection_LungInfection_List","used in ENV_PeriodicEffectScript"
0x002BDCDD,"ENV_AFFL_Infection_TissueInfection_List","used in ENV_PeriodicEffectScript"
0x002BDCE1,"ENV_AFFL_Injury_Burns_List","used in ENV_PeriodicEffectScript"
0x002BDCE5,"ENV_AFFL_Injury_LungDamage_List","used in ENV_PeriodicEffectScript"
0x002BF5F2,"LarvaACombatOverrideList",""
0x002C1756,"VoicesDialogueUniqueCrime",""
0x002C2E94,"ShipModuleRecipeCategories","Ship Modules"
0x002C3C4F,"LC165_Adversary_Astral_CombatOverridePackageList",""
0x002C55CA,"DefaultMasterPackageList_Human",""
0x002C59D7,"RecipeManagerList","List of form lists included in Recipe Manager"
0x002C6E72,"FoodRecipeCategories","Food"
0x002C6E73,"ChemRecipeCategories","Chems"
0x002CC9EC,"ExploredLocRefTypeList",""
0x002CCF87,"SMSSet_Struct_Stroud_Cap03_04_Set","Stroud Struct Cap 03 Set"
0x002D01BB,"PreviewTargetObjects","Used by the editor to change subgraphs"
0x002D01BC,"PreviewIdleTypes","Used by the editor to change the base idle"
0x002D17F8,"VoicesDialogueCrowd_Swedish",""
0x002D17F9,"VoicesDialogueCrowd_Korean",""
0x002D17FA,"VoicesDialogueCrowd_French",""
0x002D194E,"LC088_Space_CaptainShipsCombatOverridePackageList",""
0x002D855D,"ChargenPresets_Swap",""
0x002DBEFA,"FactionSharedCrimeList_MathisOnly",""
0x002DD614,"EntryExitValidationIgnoredFurnitureList",""
0x002E2EBA,"OutpostFurnitureTablesScienceList01","Tables"
0x002E2EBC,"OutpostFurnitureNavConsolesList01","Navigation Consoles"
0x002E2ECF,"OutpostFurnitureTablesGamingList01","Tables"
0x002E3042,"IndustrialRecipeCategories","Manufactured"
0x002E3043,"WeaponRecipeCategories","Weapons"
0x002E3044,"ArmorRecipeCategories","Apparel"
0x002E3FEA,"DONOTUSE_OutpostFurnitureDeskGenList01","Desks"
0x002E76A9,"OutpostFurnitureRoomDividersList01","Room Dividers"
0x002E76C4,"OutpostFurnitureKitchenCounterList01","Kitchen Counters"
0x002E76F5,"OutpostFurnitureCounterGenList01","Counters"
0x002E7761,"OutpostFurnitureShelvesList01","Shelves"
0x002E7768,"DONOTUSE_OutpostFurnitureShelvesKitList01","Shelves"
0x002E8156,"RQ_AllPossibleVoices",""
0x002EB249,"VoicesDialogueCitizenShip",""
0x002EB24A,"VoicesDialogueCitizenShip_FSC",""
0x002EB24B,"VoicesDialogueCitizenShip_UC",""
0x002EB24C,"VoicesDialogueCitizenShips_Neon",""
0x002F3EC4,"HeadPartsCorpseRace",""
0x002F3F2E,"OutpostRobotCombatOverride",""
0x002F4438,"ENV_imGui_5_1_Magic_Afflictions","Afflictions"
0x002F988A,"StationTheKey_TrafficManagerShipsFormList",""
0x002FB142,"SMSSet_Cargo_Protectorate_Galleon_S203","Protectorate Galleon S203 Set"
0x002FCB4C,"GG_Work_ArcMightEmployees_VoicetypeList",""
0x002FCB4D,"GG_Work_MandelaMinesEmployees_VoicetypeList",""
0x002FCB51,"GG_Work_ReliantMedicalEmployees_VoicetypeList",""
0x002FF360,"GG_RC09_Citizen01VoicetypeList",""
0x002FF363,"GG_RC05_CitizenVoicetypeList",""
0x00301025,"SMSSet_HabVariants_Deimos_2L3W1H","Deimos Hab Variants 2L3W1H"
0x00303400,"LC165_Starborn_Bridge_TeleportPointMarkerList",""
0x0030971D,"COM_CREW_GiveItem_InvalidLocationsFormList",""
0x0030CB01,"SMSSet_HabVariants_Deimos_2L2W1H","Deimos Hab Variants 2L2W1H"
0x0031588C,"OutpostFoundationGasMed01List","Gas Foundation Medium"
0x00315895,"OutpostFoundationGasLarge01List","Gas Foundation Medium"
0x0031589A,"OutpostFoundationGasSmall01List","Gas Foundation Small"
0x00315FD0,"SMSSet_Docker_Deimos_100DP_Slim","Deimos Docker 100DP Slim Set"
0x0031B5B3,"DefaultMasterPackageList_Turret",""
0x003298D2,"VoicesDialogueArrestingGuards_ECSConstant",""
0x0032AB66,"OE_AustinF_CECSuperfan_CombatSpectatorOverride","OE_AustinF_CECSuperfan_CombatSpectatorOverride"
0x0032AFB2,"SQ_PlayerSleep_BedKeywords_Rested",""
0x0032B3B2,"SMSSet_Struct_Deimos_Cowl_Set","Deimos Struct Cowl Set"
0x0032B411,"SMSSet_Struct_Deimos_Skeg_Set","Deimos Struct Skeg Set"
0x0032B418,"SMSSet_Struct_Deimos_Spine_A_Set","Deimos Struct Spine A Set"
0x0032B419,"SMSSet_Struct_Deimos_Spine_C_Set","Deimos Struct Spine C Set"
0x0032B41A,"SMSSet_Struct_Deimos_Spine_D_Set","Deimos Struct Spine D Set"
0x0032B41B,"SMSSet_Struct_Deimos_Spine_E_Set","Deimos Struct Spine E Set"
0x0032B41C,"SMSSet_Struct_Deimos_Spine_F_Set","Deimos Struct Spine F Set"
0x0032D979,"SQ_imGui_3_Hoteliers","Hoteliers"
0x0032DB7C,"WorkshopRecentColorDefaults","Outpost Recent Colors defaults"
0x0032E50A,"VoicesDialogueArrestingGuards_Paradiso",""
0x0032E6AB,"OutpostDecorMannequinList","Mannequin"
0x00339931,"MQ204_Constellation_CombatOverrideList",""
0x0033B606,"OutpostLights_LightPosts02","Light Posts"
0x0033B607,"OutpostLights_LightPostsLG01","Light Posts"
0x0033B608,"OutpostLights_WallMountedIndustrial","Industrial Wall Lights"
0x0034931F,"ContainerFilter_Credits","Container filter"
0x0034964A,"SQ_Group_Occupation_List_Military_UC_Marines","ONLY SQ_Group_Occupation_XXX Activators with SQ_GroupOccupationScript attached allowed"
0x0034964B,"SQ_Group_Occupation_List_Military_UC_Vanguard","ONLY SQ_Group_Occupation_XXX Activators with SQ_GroupOccupationScript attached allowed"
0x0034F0D2,"se_AttackDefend_StarbornShipList",""
0x0034F4BB,"QA_Tests_Armor",""
0x003551C6,"OutpostFoundationRadarDish01List","Radar Dish Foundation"
0x003556D1,"OutpostFoundationReactor01List","Power Reactor Foundation"
0x00355B1B,"DisplayFilter_MiscObjects_Small",""
0x0036165B,"SMSSet_HabVariants_HopeTech_2L3W1H","HopeTech Hab Variants 2L3W1H"
0x00361660,"SMSSet_HabVariants_HopeTech_3L1W1H","HopeTech Hab Variants 3L1W1H"
0x00361C5A,"SQ_Group_Voices_ALL",""
0x003626C1,"OutpostFoundationBarn01SmList","Barn Small Foundation"
0x003626CB,"OutpostFoundationBarn01MedList","Barn Medium Foundation"
0x003626D3,"OutpostFoundationBarn01LgList","Barn Large Foundation"
0x00362DC0,"UC04_ViewportMorph_CombatOverrideList",""
0x00363CCA,"OutpostDecorBackpackStandList01","Weapon Rack"
0x00366161,"OutpostFoundationScanBooster03List","Scan Booster 03 Foundation"
0x00367004,"OutpostDecorWeaponWallMountsList01","Weapon Rack"
0x003684A2,"OutpostFoundationSolarDome01List","Solar Dome Foundation"
0x003684C2,"OutpostFoundationSolarArray01List","Solar Array Foundation"
0x0036EBA3,"OutpostFoundationBuilderC01List","Builder C01 Foundation"
0x0036EBAC,"OutpostFoundationBuilderB01List","Builder B01 Foundation"
0x0036EBB5,"OutpostFoundationBuilderA01List","Builder A01 Foundation"
0x0037A2E7,"xSMSSet_Struct_Nova_CowlLong_MidTopBtm","Nova Cowl Long Mid Top Btm Set"
0x0037A307,"xSMSSet_Struct_Nova_CowlShort_Mid","Nova Cowl Short Mid Port Stbd Set"
0x0038B3EA,"OutpostStructureAirlocksList01","Airlock"
0x0038B3EB,"OutpostStructureFourWallHabsList01","Four Wall Hab"
0x0038B3EC,"OutpostStructureHexHabsList01","Hex Hab"
0x0038B3ED,"OutpostStructureHydroponicsHabsList01","Hydroponic Hab"
0x0038C5F4,"VoicesDialogueGeneric_Old",""
0x0038DD0D,"OutpostStructurePlatformsList01","Platform"
0x0038DD0E,"OutpostStructureRoundHabsList01","Hab Round"
0x0038DD0F,"OutpostStructureScienceHabsList01","Science Hab"
0x0038E33B,"SQ_Group_Occupation_List_Worker","ONLY SQ_Group_Occupation_XXX Activators with SQ_GroupOccupationScript attached allowed"
0x00398E2F,"OutpostFoundationWatchTower01List","WatchTower01 Foundation"
0x003B62DD,"SQ_Group_LocationOwnerList_Civilian",""
0x003BC942,"ENV_AFFL_RandomPeriodicEffects_Radiation",""
0x003BCC14,"ENV_AFFL_RandomPeriodicEffects_Electricity",""
0x003BCC1C,"ENV_AFFL_RandomPeriodicEffects_CorrosiveSubstance",""
0x003CBFE4,"ENV_imGui_6_Weather",""
0x003D04BD,"xSMSSet_Struct_Nova_CowlLong_ForeAftBtm","Nova Cowl Long Fore Aft Btm Set"
0x003D9C6E,"OE_KT_KeepInMine_FoodList",""
0x003DAB92,"Staryard_Trident_Z_FuelingGreatness_DrinkList",""
0x003E3BBB,"SMSSet_HabVariants_HopeTech_3L2W1H","HopeTech Hab Variants 3L2W1H"
0x003E3BBC,"SMSSet_HabVariants_HopeTech_3L3W1H","HopeTech Hab Variants 3L3W1H"
0x003E3BE2,"SMSSet_HabVariants_Nova_1L1W1H","Nova Hab Variants 1L1W1H"
0x003E3C28,"SMSSet_HabVariants_Nova_2L1W1H","Nova Hab Variants 2L1W1H"
0x003E56E2,"VoicesDialogueGuards_NeonSpecificHellos",""
0x003E56E9,"SMSSet_HabVariants_Nova_2L2W1H","Nova Hab Variants 2L2W1H"
0x003E56EA,"SMSSet_HabVariants_Nova_2L3W1H","Nova Hab Variants 2L3W1H"
0x003E56EB,"SMSSet_HabVariants_Nova_3L1W1H","Nova Hab Variants 3L1W1H"
0x003E56EC,"SMSSet_HabVariants_Nova_3L2W1H","Nova Hab Variants 3L2W1H"
0x003E56ED,"SMSSet_HabVariants_Nova_3L3W1H","Nova Hab Variants 3L3W1H"
0x003E56EE,"SMSSet_HabVariants_Stroud_3L2W1H","Stroud Hab Variants 3L2W1H"
0x003E5BEC,"ENV_AFFL_HitSpell_Perk_Creature_Random_Injury_Sharp_List",""
0x003E5BED,"ENV_AFFL_HitSpell_Perk_Creature_Random_Injury_Blunt_List",""
0x003E5C19,"MQ204CrowdVoicetypes",""
0x003EBBCE,"SMSSet_HabVariants_Taiyo_1L1W1H_Top_A","Taiyo Hab Variants 1L1W1H Top A"
0x003EBBCF,"SMSSet_HabVariants_Taiyo_2L1W1H_Top_A","Taiyo Hab Variants 2L1W1H Top A"
0x003EBBD0,"SMSSet_HabVariants_Taiyo_2L2W1H_Top_A","Taiyo Hab Variants 2L2W1H Top A"
0x003EBBD1,"SMSSet_HabVariants_Taiyo_3L1W1H_Top_A","Taiyo Hab Variants 3L1W1H Top A"
0x003EBBD2,"SMSSet_HabVariants_Taiyo_3L2W1H_Top_A","Taiyo Hab Variants 3L2W1H Top A"
0x003EBBD3,"SMSSet_HabVariants_Taiyo_2L1W1H_Top_B","Taiyo Hab Variants 2L1W1H Top B"
0x003EBBD4,"SMSSet_HabVariants_Taiyo_1L1W1H_Top_B","Taiyo Hab Variants 1L1W1H Top B"
0x003EBBD5,"SMSSet_HabVariants_Taiyo_2L2W1H_Top_B","Taiyo Hab Variants 2L2W1H Top B"
0x003EBBD6,"SMSSet_HabVariants_Taiyo_3L1W1H_Top_B","Taiyo Hab Variants 3L1W1H Top B"
0x003EBBD7,"SMSSet_HabVariants_Taiyo_3L2W1H_Top_B","Taiyo Hab Variants 3L2W1H Top B"
0x003EBBD9,"SMSSet_HabVariants_Taiyo_1L1W1H_Btm_A","Taiyo Hab Variants 1L1W1H Btm A"
0x003EBBDA,"SMSSet_HabVariants_Taiyo_1L1W1H_Btm_B","Taiyo Hab Variants 1L1W1H Btm B"
0x003EBBDB,"SMSSet_HabVariants_Taiyo_2L1W1H_Btm_A","Taiyo Hab Variants 2L1W1H Btm A"
0x003EBBDC,"SMSSet_HabVariants_Taiyo_2L1W1H_Btm_B","Taiyo Hab Variants 2L1W1H Btm B"
0x003EBBDD,"SMSSet_HabVariants_Taiyo_2L2W1H_Btm_A","Taiyo Hab Variants 2L2W1H Btm A"
0x003EBBDE,"SMSSet_HabVariants_Taiyo_2L2W1H_Btm_B","Taiyo Hab Variants 2L2W1H Btm B"
0x003EBBDF,"SMSSet_HabVariants_Taiyo_3L1W1H_Btm_A","Taiyo Hab Variants 3L1W1H Btm A"
0x003EBBE0,"SMSSet_HabVariants_Taiyo_3L1W1H_Btm_B","Taiyo Hab Variants 3L1W1H Btm B"
0x003EBBE1,"SMSSet_HabVariants_Taiyo_3L2W1H_Btm_A","Taiyo Hab Variants 3L2W1H Btm A"
0x003EBBE2,"SMSSet_HabVariants_Taiyo_3L2W1H_Btm_B","Taiyo Hab Variants 3L2W1H Btm B"
0x003F776F,"DebugCreateCrew_VascoSarahMisc","For use with console call with SQ_CrewScript.DebugCreateCrewFromFormlist()"
0x003FBD04,"SMBSet_Weapon_Laser_Shinigami_Reza_10_PHz_Auto_Turret","Shinigami Reza 10 PHz Turret Set"
0x003FD119,"SMBSet_Weapon_Ballistic_Shinigami_Jishaku_Fe_RF_Auto_Turret","Jishaku Fe Turret Set"
