QuestFormID, QuestEditorID, QuestName, Script, Fragment
0x000013A8,"SE_Player_Patrol02","Crimson Fleet Patrol","SEScript",
0x000013A9,"SE_Player_Patrol03","Ecliptic Patrol","se_fab18c_spawnscript",
0x000013A9,"SE_Player_Patrol03","Ecliptic Patrol","SEScript",
0x000013AA,"SE_Player_Patrol04","Varuun Patrol","se_fab18c_spawnscript",
0x000013AA,"SE_Player_Patrol04","Varuun Patrol","SEScript",
0x000013DD,"SE_AG01","Derelict Ship Template","SEScript",
0x00002C1C,"MB_Bounty01Far","Kill the <Alias=PrimaryRef> on <Alias=TargetPlanetLocation>","MissionBountyQuestScript",
0x00002C1D,"MB_Bounty02Local","Kill the <Alias=PrimaryRef> on <Alias=TargetPlanetLocation>","MissionBountyQuestScript",
0x00002FAE,"COM_Quest_Barrett_Q02","Worlds Apart","bq01_questscript",
0x000078DE,"CREW_EliteCrew_AdoringFan","Adoring Fan","Crew_EliteCrewQuestScript",
0x00009948,"Landmark_Dubai","Dubai Landmark Quest","LandmarkScript",
0x00009949,"Landmark_Opportunity","London Landmark Quest","LandmarkScript",
0x0000994A,"Landmark_London","London Landmark Quest","LandmarkScript",
0x00009A2B,"Landmark_LosAngeles","Los Angeles Landmark Quest","LandmarkScript",
0x00009A2C,"Landmark_Cairo","Cairo Landmark Quest","LandmarkScript",
0x0000B0BD,"SE_SD10","Derelict Ship Template","SEScript",
0x0000CDC1,"Landmark_NewYork","New York Landmark Quest","LandmarkScript",
0x0000D5A6,"SE_SD09","Derelict Ship Template","SEScript",
0x0000D773,"SQ_Followers","Handles various systems for Followers","sq_followersscript",
0x0000DB20,"SE_SD08","Derelict Ship Template","SEScript",
0x0000DBE9,"City_AkilaLife07","Solomon's Trove","City_AkilaLife07_Script",
0x0000DC17,"Landmark_Shanghai","Shanghai Landmark Quest","LandmarkScript",
0x0000DC18,"Landmark_StLouis","St. Louis Landmark Quest","LandmarkScript",
0x0000E415,"MQ204_NA_StateChangeHandler","","MQ204_NA_StateChangeHandlerScript",
0x000128D0,"SpeechChallenge","All Basic and Default Options","TestSpeechChallengeScript",
0x00013497,"DialogueUCNewAtlantis","New Atlantis Main Dialogue","DialogueUCNewAtlantisQuestScript",
0x00014E55,"CREW_EliteCrew_GideonAker","Gideon Aker","Crew_EliteCrewQuestScript",
0x00015358,"DialogueCFTheKey","[The Key Dialogue]","DialogueCFTheKeyQuestScript",
0x0001575B,"OE_AustinF_GuardingFuel","Guarding Fuel","oescript",
0x000174A2,"SQ_PlayerShip","Aliases for the Player's Current Ship","sq_playershipscript",
0x000179C2,"SE_KT05","Survey Says","SEScript",
0x00019328,"MB_Cargo02Local00","Deliver <Alias=PrimaryRef> to <Alias=TargetPlanetLocation>","missioncargoquestscript",
0x0001AE53,"SE_Player_ZW13","Malai Liskova attack","SEScript",
0x0001C02A,"SE_DerelictShip_Generic","Derelict Ship Template","SEScript",
0x00024C87,"Landmark_HongKong","Hong Kong Landmark Quest","LandmarkScript",
0x000251D1,"SE_KT04","The Pale Lady","SEScript",
0x00025233,"MQ401j","One Small Step","MQ401VariantQuestScript",
0x00026EAC,"Landmark_Osaka","Osaka Landmark Quest","LandmarkScript",
0x00026EB0,"Landmark_Apollo","Apollo Landmark Quest","LandmarkScript",
0x00027698,"SE_SD07","Derelict Ship Template","SEScript",
0x000277A4,"SE_KT03","Robot Survey Team","SEScript",
0x00028354,"OE_MP_Creatures02","","oescript",
0x00028FBD,"SQ_PlayerIncreaseLevel","","SQ_PlayerIncreaseLevelScript",
0x0002927E,"BE_KT02","[BE - Party Cruise]","bescript",
0x00029289,"SE_KT02","Party Cruise","SEScript",
0x00029CC8,"SE_FAB25","Lemonade Stand","SEScript",
0x00029DA1,"MQ401i","One Small Step","MQ401VariantQuestScript",
0x0002F844,"SE_KT06","Married Couple","SEScript",
0x0002F845,"BE_KT06","[BE - Married Couple]","bescript",
0x0002F8FF,"SQ_OutpostCreateStarstation","","SQ_ShipRespawnScript",
0x0002F8FF,"SQ_OutpostCreateStarstation","","sq_outpostcreatestarstationscript",
0x00030102,"SE_SD06","Derelict Ship Template","SEScript",
0x000308F5,"LegendaryAliasQuest","","LegendaryAliasQuestScript",
0x00032898,"MQ_TempleQuest_SpawnTemple","","MQSpawnTempleScript",
0x0003517B,"UCR04_Dupe00","Apex Predator","UCR04QuestScript",
0x0003B7C0,"City_Neon_Chem03Misc","","City_Neon_Drug03MiscScript",
0x0003BC50,"SE_KT01","Mayday","SEScript",
0x0003BD73,"SE_Player_FAB24","Universal Pilgrims","SEScript",
0x0003BF49,"SQ_TreasureMap_Space_DifferentSystem01","","SQ_TreasureMapSpaceQuestScript",
0x0003BF4A,"SQ_TreasureMap_Space_DifferentSystem00","","SQ_TreasureMapSpaceQuestScript",
0x0003BF4E,"SQ_TreasureMap_Surface_DifferentSystem01","","SQ_TreasureMapSurfaceQuestScript",
0x0003BF4F,"SQ_TreasureMap_Surface_DifferentSystem00","","SQ_TreasureMapSurfaceQuestScript",
0x0003DC10,"City_AkilaLife05","Blast Zone","City_AkilaLife05Script",
0x000414C6,"SE_SD05","Derelict Ship Template","SEScript",
0x00042C53,"SE_Player_FAB18c","Genghis Appears (MS02)","SEScript",
0x00042DD2,"SQ_TreasureMap_Resource_DifferentSystem01","","SQ_TreasureMapSurfaceQuestScript",
0x00042DD3,"SQ_TreasureMap_Resource_DifferentSystem00","","SQ_TreasureMapSurfaceQuestScript",
0x00042E2B,"SE_SD04","Derelict Ship Template","SEScript",
0x000447B2,"SE_FAB23","Hope-less Ranger (FC09)","SEScript",
0x000447B4,"SE_Player_FAB18b","Genghis 2nd (MS02)","SEScript",
0x000448C0,"SE_Player_FAB22","Stroud vs. HopeTech (FC09)","SEScript",
0x00044CFE,"SQ_TreasureMap_Resource_DifferentSystem","","SQ_TreasureMapSurfaceQuestScript",
0x00044CFF,"SQ_TreasureMap_Resource_Local","","SQ_TreasureMapSurfaceQuestScript",
0x00044D00,"SQ_TreasureMap_Resource_SamePlanet","","SQ_TreasureMapSurfaceQuestScript",
0x00044D05,"SQ_TreasureMap_Space_DifferentSystem","","SQ_TreasureMapSpaceQuestScript",
0x00045F45,"SQ_TreasureMap_Surface_DifferentSystem","","SQ_TreasureMapSurfaceQuestScript",
0x00045F46,"SQ_TreasureMap_Surface_SamePlanet","","SQ_TreasureMapSurfaceQuestScript",
0x00045F48,"SQ_TreasureMap_Surface_Local","","SQ_TreasureMapSurfaceQuestScript",
0x00045F9F,"MQ401h","One Small Step","MQ401VariantQuestScript",
0x00046049,"SE_Player_FAB21","GalBank Revenge (CF04)","SEScript",
0x00046617,"SQ_Airlock","","SQ_Airlock_QuestScript",
0x0004789E,"SE_Player_FAB20","Castillo's Revenge (CF03)","SEScript",
0x000478A1,"OE_MP_AcelesVsTerrormorph","","oescript",
0x0004A449,"SE_Player_FAB19b","Juno Redux (MS03)","SEScript",
0x0004A44A,"SE_Player_FAB19a","Hostile Juno (MS03)","SEScript",
0x0004A547,"SQ_TreasureMap_Space_SameSystem","","SQ_TreasureMapSpaceQuestScript",
0x0004A580,"SQ_TreasureMap_Resource_SameSystem","","SQ_TreasureMapSurfaceQuestScript",
0x0004B581,"SE_Player_FAB18a","Genghis 1st (MS02)","SEScript",
0x0004BD08,"MQ401g","One Small Step","MQ401VariantQuestScript",
0x0004BD88,"OE_AustinF_CreatureCage","Creature Cage","oescript",
0x0005072A,"SE_FAB17","Vanguard vs Smuggler","SEScript",
0x00051687,"MQ207C_RafaelPostquest","[Entangled - Rafael Postquest]","defaultpassengerquestscript",
0x00051687,"MQ207C_RafaelPostquest","[Entangled - Rafael Postquest]","MQ207CRafaelPostquestQuestScript",
0x000518F0,"SE_Player_ZW11","CF08 Post Quest Encounter","SEScript",
0x00052514,"SE_Player_FAB16","Mantis Shakedown (MS04)","SEScript",
0x0005512A,"CityNewAtlantisTransitControl","NAT Control Quest","CityNewAtlantisTransitControlScript",
0x00057FE8,"SE_Player_FAB15","Mantis Freakout (MS04)","SEScript",
0x0005AC1F,"OE_KT_LandedShip","Landed Ship","oescript",
0x0005B458,"SE_KMK01","Ship needs spare parts","SEScript",
0x0005B4B0,"SE_AC01","Marooned","SEScript",
0x0005B944,"SE_Player_FAB14","Delivery Truck","SEScript",
0x0005EAEF,"SE_ZW15","Legendary Ship: Ecliptic Battleship Camulus","se_fab18c_spawnscript",
0x0005EAEF,"SE_ZW15","Legendary Ship: Ecliptic Battleship Camulus","SEScript",
0x0005EAF0,"SE_ZW14","Legendary Ship: Va'ruun Shroudbearer","se_fab18c_spawnscript",
0x0005EAF0,"SE_ZW14","Legendary Ship: Va'ruun Shroudbearer","SEScript",
0x0005EC57,"OE_KT_IncomingStorm","Incoming Storm","oescript",
0x0005F193,"RE_Parent","","REParentScript",
0x0005F837,"SE_Player_FAB13","Sea Shanty","SEScript",
0x00062700,"OE_AustinF_DeadManBox","","oescript",
0x00062B48,"SE_FAB11","Gas Station","SEScript",
0x00062B49,"SE_FAB12","Chunks To Go","SEScript",
0x00062F20,"SE_KMK03","Pirates vs. UC SysDef","SEScript",
0x00062F20,"SE_KMK03","Pirates vs. UC SysDef","SE_FAB09_SpawnScript",
0x00063A7F,"SE_Player_AC04","Prank Caller","SEScript",
0x00063CF7,"SE_Player_AC03","Research Outpost","SEScript",
0x00064297,"MB_Cargo02Local","Deliver <Alias=PrimaryRef> to <Alias=TargetPlanetLocation>","missioncargoquestscript",
0x0006618C,"MB_Passenger12OEMinerTarget","Transport <Alias=PrimaryRef> to <Alias=TargetPlanetLocation>","missionpassengerquestscript",
0x000661AF,"MB_Passenger09OEScientistTarget","Transport <Alias=PrimaryRef> to <Alias=TargetPlanetLocation>","missionpassengerquestscript",
0x000661E8,"MB_Passenger11OEMiner","Transport <Alias=PrimaryRef> to <Alias=TargetPlanetLocation>","missionpassengerquestscript",
0x00066203,"MB_Passenger10OEColonistTarget","Transport <Alias=PrimaryRef> to <Alias=TargetPlanetLocation>","missionpassengerquestscript",
0x00067FA3,"OE_MP_Creatures03","","oescript",
0x00069F15,"SE_Player_FAB10","Tour Company","SEScript",
0x0006A35B,"OE_KT_AutomatedFacility","Automated Facility","oescript",
0x0006A9EB,"BE_CustomDerelict_04","[BE - Custom Derelict]","bescript",
0x0006A9EC,"BE_CustomDerelict_03","[BE - Custom Derelict]","bescript",
0x0006A9ED,"BE_CustomDerelict_02","[BE - Custom Derelict]","bescript",
0x0006A9EE,"BE_CustomDerelict_01","[BE - Custom Derelict]","bescript",
0x0006A9EF,"BE_CustomDerelict_00","[BE - Custom Derelict]","bescript",
0x0006A9F0,"BE_CustomDerelict","[BE - Custom Derelict]","bescript",
0x0006B802,"MB_Cargo01Far","Deliver <Alias=PrimaryRef> to <Alias=TargetPlanetLocation>","missioncargoquestscript",
0x0006C404,"MB_Passenger01Far","Transport <Alias=PrimaryRef> to <Alias=TargetPlanetLocation>","missionpassengerquestscript",
0x0006CD98,"MQ404","Foreknowledge","mq404script",
0x0006E053,"SE_Player_FAB09","Transport Friendly Warning","SEScript",
0x00070318,"MB_Passenger02Local","Transport <Alias=PrimaryRef> to <Alias=TargetPlanetLocation>","missionpassengerquestscript",
0x00070319,"MB_Survey01_OLD","Survey: Find a site in <Alias=TargetSystemLocation> for a <Alias=PrimaryRef>","MissionSurveyQuestScript_OLD",
0x0007031D,"City_NA_Viewport_Base","New Atlantis - Viewport Base Dialogue","DialogueUCNewAtlantisQuestScript",
0x000759BE,"MB_Survey_OLD","Survey: Find a site in <Alias=TargetSystemLocation> for a <Alias=PrimaryRef>","MissionSurveyQuestScript_OLD",
0x00076277,"OE_KT_ChowTime","Chow Time","oescript",
0x0007C6A4,"SE_DerelictTemplate","Derelict Ship Template","SEScript",
0x0007C701,"OE_BryanB_TerrormorphVSBiomePredators","Terrormorph vs. biome predators","oescript",
0x0007C703,"OE_BryanB_AcelesVanguardVSTerrormorph","Aceles Vanguard vs Terrormorph","oescript",
0x0007C704,"OE_BryanB_TerrormorphVSScientists","Terrormorph attacking scientists","oescript",
0x0007C7DD,"SE_Player_FAB08","Starborn Trader","SEScript",
0x0007D4A7,"OE_KT_RepoMen","Bounty Guards","oescript",
0x0007D4CF,"SE_Player_KT_FalseContact","False Contact - Space Encounter","SEScript",
0x0007E2B4,"SE_Player_FAB07","Lillian Hart reactivity","SEScript",
0x0007E2B5,"SE_Player_FAB06","Myeong's Farewell (MS01)","SEScript",
0x0007E9E7,"SE_Player_FAB05","Friendly Grandma","SEScript",
0x000812F2,"DialogueCydoniaConvo_Community_Book01","","DialogueCydoniaConvoCommunityScript",
0x000812F3,"DialogueCydoniaConvo_Community_Support01","","DialogueCydoniaConvoCommunityScript",
0x00082AAD,"SE_Player_FAB04","Mrs. Whitmore Class Fieldtrip","SEScript",
0x00082AAD,"SE_Player_FAB04","Mrs. Whitmore Class Fieldtrip","SE_FAB04_MathCount",
0x00082C9A,"OE_KT_Execution","Execution","oescript",
0x000849D8,"OE_AustinF_PredatorsAttackNPCs","","oescript",
0x00084DAC,"SE_ZW10","Vanguard Hunting Varuun","SEScript",
0x000850F3,"SE_Player_AC02","Student Pilot","SEScript",
0x000850F4,"SE_Player_AC01","Lost In Space","SEScript",
0x0008553C,"SE_FAB03","Boarding Aftermath","SEScript",
0x00085FAF,"OE_KT_FriendlyLanding_Aid","Friendly Landing - Aid","oescript",
0x00086467,"OE_BryanB_AcelesPoachers","Aceles Poachers","oescript",
0x00088A03,"SE_FAB02","Training Ship","SEScript",
0x00089819,"SE_Player_ZW09","Hailing Encounter - Extended Warranty","SEScript",
0x00089819,"SE_Player_ZW09","Hailing Encounter - Extended Warranty","Utility_FAB_Script",
0x00089858,"SE_Player_FAB01","LIST Colonist Repair","SEScript",
0x00089858,"SE_Player_FAB01","LIST Colonist Repair","SE_FAB04_MathCount",
0x0008AEDE,"OE_KMK_NPCsVsCreatures01","Hunters vs. Herd Predators","oescript",
0x0008AF1A,"BE_CF03_Shuttle","CF03 Escape Shuttle","bescript",
0x0008D848,"RQ_Parent","","rq_parentscript",
0x00090CEE,"MB_Passenger08OEWorkerTarget","Transport <Alias=PrimaryRef> to <Alias=TargetPlanetLocation>","missionpassengerquestscript",
0x0009113C,"OE_BryanB_AcelesPatrol","Aceles Poachers","oescript",
0x00091143,"SQ_CCT_Enviro_Gassy00","","CCT_Enviro_BehaviorScript",
0x00091147,"SQ_CCT_Enviro_Gassy01","","CCT_Enviro_BehaviorScript",
0x00091148,"SQ_CCT_Enviro_Signal00","","CCT_Enviro_BehaviorScript",
0x00091149,"SQ_CCT_Enviro_Signal01","","CCT_Enviro_BehaviorScript",
0x00092CAE,"SQ_CCT_Enviro_Gassy","","CCT_Enviro_BehaviorScript",
0x000937B6,"SQ_CCT_Enviro_Signal","","CCT_Enviro_BehaviorScript",
0x000937FD,"SE_Player_Bountyships_Freestar","Space Encounter Template","SEScript",
0x000968E2,"OE_MP_CrashedShip_NoSurvivors","","oescript",
0x0009749C,"OE_BryanB_RivalOperatives","Rival Operatives","oescript",
0x000980E8,"City_NA_Botany03_MiscPointer","[Misc Objective Pointer]","Botany03_WaitScript",
0x000981F8,"DialogueCydoniaConvo_Community_UniversumService01","","DialogueCydoniaConvoCommunityScript",
0x00098B4E,"BE_Objective","[BE - Objective Quest]","defaultcounterquesta",
0x0009B72E,"DialogueCydonia_Detonation","","DialogueCydoniaDetonationQuestScript",
0x0009C424,"CF04_GalbankArchivesAmbush","CF04GalbankArchivesAmbush","CF04GalbankArchivesAmbushQuestScript",
0x0009CBC7,"LC102Combat","LC102Combat","LC102CombatQuestScript",
0x000A3100,"City_NA_Botany02_MiscPointer","[Misc Objective Pointer]","City_NA_Botany02Pointer_Wait",
0x000A3E00,"LC102LifeSupportSequence","LC102LifeSupportSequence","LC102LifeSupportSequenceQuestScript",
0x000A3E9A,"SE_CK01","Derelict Ship Template","SEScript",
0x000B0C9E,"SE_JM02","Derelict Ship Template","SEScript",
0x000B336A,"SQ_ShipDebris","Place ship debris when ship is destroyed in orbit","SEScript",
0x000B336A,"SQ_ShipDebris","Place ship debris when ship is destroyed in orbit","SQ_ShipDebrisScript",
0x000B336B,"SQ_ShipDebris00","Place ship debris when ship is destroyed in orbit","SEScript",
0x000B336B,"SQ_ShipDebris00","Place ship debris when ship is destroyed in orbit","SQ_ShipDebrisScript",
0x000B336C,"SQ_ShipDebris01","Place ship debris when ship is destroyed in orbit","SEScript",
0x000B336C,"SQ_ShipDebris01","Place ship debris when ship is destroyed in orbit","SQ_ShipDebrisScript",
0x000B336D,"SQ_ShipDebris02","Place ship debris when ship is destroyed in orbit","SEScript",
0x000B336D,"SQ_ShipDebris02","Place ship debris when ship is destroyed in orbit","SQ_ShipDebrisScript",
0x000B336E,"SQ_ShipDebris03","Place ship debris when ship is destroyed in orbit","SEScript",
0x000B336E,"SQ_ShipDebris03","Place ship debris when ship is destroyed in orbit","SQ_ShipDebrisScript",
0x000B336F,"SQ_ShipDebris04","Place ship debris when ship is destroyed in orbit","SEScript",
0x000B336F,"SQ_ShipDebris04","Place ship debris when ship is destroyed in orbit","SQ_ShipDebrisScript",
0x000C3834,"SE_Player_Bountyships_UC","Space Encounter Template","SEScript",
0x000C9986,"SQ_SurveySlate","","SQ_SurveySlateQuestScript",
0x000C9990,"SQ_SurveySlate01","","SQ_SurveySlateQuestScript",
0x000C9991,"SQ_SurveySlate02","","SQ_SurveySlateQuestScript",
0x000CE82F,"SQ_StationTrafficManager","","SQ_StationTrafficManagerQuestScript",
0x000D5B2C,"FC02_BE_Quest","[BE - Empty]","bescript",
0x000D6440,"OE_BryanB_ProtectHomestead","Protect the Homestead","oescript",
0x000DAACF,"OE_BryanB_FamilyInNeed","Family in Need","oescript",
0x000DF311,"COM_Companion_SamCoe_Convo_NewAtlantis01","Sam Coe NPC Chat","COM_ConvoQuestScript",
0x000DF312,"COM_Companion_SamCoe_Convo_AkilaCity05","Sam Coe NPC Chat","COM_ConvoQuestScript",
0x000DF313,"COM_Companion_SamCoe_Convo_AkilaCity04","Sam Coe NPC Chat","COM_ConvoQuestScript",
0x000DF314,"COM_Companion_SamCoe_Convo_AkilaCity03","Sam Coe NPC Chat","COM_ConvoQuestScript",
0x000DF315,"COM_Companion_SamCoe_Convo_AkilaCity02","Sam Coe NPC Chat","COM_ConvoQuestScript",
0x000DF316,"COM_Companion_SamCoe_Convo_AkilaCity01","Sam Coe NPC Chat","COM_ConvoQuestScript",
0x000DF317,"COM_Companion_SamCoe_Convo_Barrett02","Sam Coe / Barrett Conversation 02","COM_ConvoQuestScript",
0x000DF319,"COM_Companion_SamCoe_Convo_SarahMorgan03","Sam Coe / Sarah Morgan Conversation 03","COM_ConvoQuestScript",
0x000DF31A,"COM_Companion_SamCoe_Convo_Andreja01","Sam Coe / Andreja Conversation 01","COM_ConvoQuestScript",
0x000DF31B,"COM_Companion_SamCoe_Convo_Andreja02","Sam Coe / Andreja Conversation 02","COM_ConvoQuestScript",
0x000DF31C,"COM_Companion_SamCoe_Convo_SarahMorgan01","Sam Coe / Sarah Morgan Conversation 01","COM_ConvoQuestScript",
0x000DF31D,"COM_Companion_SamCoe_Convo_SarahMorgan02","Sam Coe / Sarah Morgan Conversation 02","COM_ConvoQuestScript",
0x000DF31E,"COM_Companion_SamCoe_Convo_Barrett01","Sam Coe / Barrett Conversation 01","COM_ConvoQuestScript",
0x000DF31F,"COM_Companion_SamCoe_Convo_NewAtlantis02","Sam Coe NPC Chat","COM_ConvoQuestScript",
0x000DF320,"COM_Companion_SamCoe_Convo_Neon01","Sam Coe NPC Chat","COM_ConvoQuestScript",
0x000DF321,"COM_Companion_SamCoe_Convo_Neon02","Sam Coe NPC Chat","COM_ConvoQuestScript",
0x000DF45A,"COM_Companion_SamCoe_Convo_EleosRetreat","Sam Coe NPC Chat","COM_ConvoQuestScript",
0x000E55DF,"OE_BryanB_TheImposter","The Imposter","oescript",
0x000E75D4,"MB_Passenger01Far00","Transport <Alias=PrimaryRef> to <Alias=TargetPlanetLocation>","missionpassengerquestscript",
0x000E75D5,"MB_Passenger01Far01","Transport <Alias=PrimaryRef> to <Alias=TargetPlanetLocation>","missionpassengerquestscript",
0x000E75D6,"MB_Passenger02Local00","Transport <Alias=PrimaryRef> to <Alias=TargetPlanetLocation>","missionpassengerquestscript",
0x000E872F,"OE_KT_Trait_Wanted_BountyHunters","[3 NPC + Scene]","oescript",
0x000E87A8,"MB_Cargo01Far01","Deliver <Alias=PrimaryRef> to <Alias=TargetPlanetLocation>","missioncargoquestscript",
0x000E87A9,"MB_Cargo01Far00","Deliver <Alias=PrimaryRef> to <Alias=TargetPlanetLocation>","missioncargoquestscript",
0x000EA112,"SE_Player_KT_Trait_Wanted","Space Encounter Wanted","SEScript",
0x000F1989,"BE_KT07","[BE - KT07]","bescript",
0x000F7DCC,"OE_KMK_HostileHumans_Dropship","Hostile Humans","oescript",
0x000FA8D3,"OE_AustinF_HeatLeech","Heat Leech Nests","oescript",
0x000FB6BD,"SE_KT08","Derelict Ship Template","SEScript",
0x000FC2F8,"OE_ShaunD_Terrormorph_01","","oescript",
0x000FC918,"OE_ShaunD_Terrormorph_02","","oescript",
0x000FD8DA,"OE_ShaunD_LootedCorpses_01","[Includes Ships, NPCs, Objects]","oescript",
0x000FE26F,"OE_KMK_Creatures04","Medium Herd Predator vs. Medium Herd Prey","oescript",
0x000FE270,"OE_KMK_Creatures03","Small Herd Predator vs. Medium Herd Prey","oescript",
0x000FE271,"OE_KMK_Creatures02","Small Herd Predator vs. Herd Prey","oescript",
0x000FEA4A,"OE_KMK_Creatures01","Solitary Predator vs. Herd Prey","oescript",
0x001040B0,"OE_BryanB_FellowExplorer","Fellow Explorer","oescript",
0x00104606,"SQ_TreasureMap_CreateMap_Resource","","SQ_TreasureMap_CreateMapScript",
0x0010460A,"SQ_TreasureMap_CreateMap_Resource00","","SQ_TreasureMap_CreateMapScript",
0x0010460B,"SQ_TreasureMap_CreateMap_Resource01","","SQ_TreasureMap_CreateMapScript",
0x00104614,"SQ_TreasureMap_CreateMap_ResourceLocal","","SQ_TreasureMap_CreateMapScript",
0x0010461A,"SQ_TreasureMap_CreateMap_Space","","SQ_TreasureMap_CreateMapScript",
0x00104AE1,"SQ_TreasureMap_CreateMap_Surface","","SQ_TreasureMap_CreateMapScript",
0x00104AE2,"SQ_TreasureMap_CreateMap_SurfaceLocal","","SQ_TreasureMap_CreateMapScript",
0x00104AE3,"SQ_TreasureMap_Space_SameSystem00","","SQ_TreasureMapSpaceQuestScript",
0x00104AE4,"SQ_TreasureMap_Space_SameSystem01","","SQ_TreasureMapSpaceQuestScript",
0x00104AE5,"SQ_TreasureMap_Resource_SameSystem00","","SQ_TreasureMapSurfaceQuestScript",
0x00104AE6,"SQ_TreasureMap_Resource_SameSystem01","","SQ_TreasureMapSurfaceQuestScript",
0x00104AE7,"SQ_TreasureMap_Resource_Local00","","SQ_TreasureMapSurfaceQuestScript",
0x00104AE8,"SQ_TreasureMap_Resource_Local01","","SQ_TreasureMapSurfaceQuestScript",
0x00104AE9,"SQ_TreasureMap_Resource_SamePlanet00","","SQ_TreasureMapSurfaceQuestScript",
0x00104AEA,"SQ_TreasureMap_Resource_SamePlanet01","","SQ_TreasureMapSurfaceQuestScript",
0x00104AEC,"SQ_TreasureMap_Surface_Local00","","SQ_TreasureMapSurfaceQuestScript",
0x00104AED,"SQ_TreasureMap_Surface_Local01","","SQ_TreasureMapSurfaceQuestScript",
0x00104AEE,"SQ_TreasureMap_Surface_SamePlanet00","","SQ_TreasureMapSurfaceQuestScript",
0x00104AEF,"SQ_TreasureMap_Surface_SamePlanet01","","SQ_TreasureMapSurfaceQuestScript",
0x00104AF0,"SQ_TreasureMap_Surface_SameSystem00","","SQ_TreasureMapSurfaceQuestScript",
0x00104AF1,"SQ_TreasureMap_Surface_SameSystem01","","SQ_TreasureMapSurfaceQuestScript",
0x0010A4B3,"SQ_TreasureMap_Surface_SameSystem","","SQ_TreasureMapSurfaceQuestScript",
0x0010AC08,"OE_Dialogue","Generic Dialogue","oe_dialogueavscript",
0x0010AC08,"OE_Dialogue","Generic Dialogue","OE_MissionTerminalQuestScript",
0x0010F8F4,"MB_Passenger04Local","Transport <Alias=PrimaryRef> to <Alias=TargetPlanetLocation>","missionpassengerquestscript",
0x0010FC1D,"BE_Empty_24","[BE - Empty]","bescript",
0x0010FC1E,"BE_Empty_23","[BE - Empty]","bescript",
0x0010FC1F,"BE_Empty_22","[BE - Empty]","bescript",
0x0010FC20,"BE_Empty_21","[BE - Empty]","bescript",
0x0010FC21,"BE_Empty_20","[BE - Empty]","bescript",
0x0010FC22,"BE_Landing_24","[BE - Landing Handler]","BELandingQuestScript",
0x0010FC23,"BE_Landing_23","[BE - Landing Handler]","BELandingQuestScript",
0x0010FC24,"BE_Landing_22","[BE - Landing Handler]","BELandingQuestScript",
0x0010FC25,"BE_Landing_21","[BE - Landing Handler]","BELandingQuestScript",
0x0010FC26,"BE_Landing_20","[BE - Landing Handler]","BELandingQuestScript",
0x00110C1F,"MB_Supply01Common01","Supply <Alias=PrimaryRef> to <Alias=TargetPlanetLocation>, <Alias=TargetSystemLocation>","missionsupplyscript",
0x00110C22,"MB_Supply02Uncommon01","Supply <Alias=PrimaryRef> to <Alias=TargetPlanetLocation>, <Alias=TargetSystemLocation>","missionsupplyscript",
0x00111F63,"SE_Placeholder04","Used to manage random number of SEs","SEScript",
0x00111F64,"SE_Placeholder03","Used to manage random number of SEs","SEScript",
0x00111F65,"SE_Placeholder02","Used to manage random number of SEs","SEScript",
0x00111F66,"SE_Placeholder01","Used to manage random number of SEs","SEScript",
0x0011D452,"MS05Reward","","MS05RewardScript",
0x0011D5CD,"ECSConstantRoamingHandler","ECS Constant Post Quest SE","ECSConstantRoamingHandlerQuestScript",
0x001230FE,"SE_RockyAsteroidMiningMaster","Random Loot","SEScript",
0x001230FE,"SE_RockyAsteroidMiningMaster","Random Loot","SE_RandomLootSpawnerScript",
0x0012584D,"COM_Companion_Barrett_Convo_NewHomestead01","Barrett NPC Chat (Maurice Lyon)","COM_ConvoQuestScript",
0x00127FA8,"SE_Player_Patrol01","Spacer Patrol","se_fab18c_spawnscript",
0x00127FA8,"SE_Player_Patrol01","Spacer Patrol","SEScript",
0x0012984C,"SE_Player_BB02","Need Helium-3","SEScript",
0x0012C072,"SE_ZW08","Legendary Ship: Spacer Scavenger Blattodea","se_fab18c_spawnscript",
0x0012C072,"SE_ZW08","Legendary Ship: Spacer Scavenger Blattodea","SEScript",
0x0012C5A6,"SE_HailTemplate","Hailing Encounter Template","SEScript",
0x0012C5A7,"SE_Player_LootDropMaster","Random Loot","SEScript",
0x0012C5A7,"SE_Player_LootDropMaster","Random Loot","SE_RandomLootSpawnerScript",
0x0012C5A8,"SE_Player_GenericTemplate","Space Encounter Template","SEScript",
0x0012C6AC,"BE_Landing_19","[BE - Landing Handler]","BELandingQuestScript",
0x0012C6AD,"BE_Landing_18","[BE - Landing Handler]","BELandingQuestScript",
0x0012C6AE,"BE_Landing_17","[BE - Landing Handler]","BELandingQuestScript",
0x0012C6AF,"BE_Landing_16","[BE - Landing Handler]","BELandingQuestScript",
0x0012C6B0,"BE_Landing_15","[BE - Landing Handler]","BELandingQuestScript",
0x0012C6B1,"BE_Landing_14","[BE - Landing Handler]","BELandingQuestScript",
0x0012C6B2,"BE_Landing_13","[BE - Landing Handler]","BELandingQuestScript",
0x0012C6B3,"BE_Landing_12","[BE - Landing Handler]","BELandingQuestScript",
0x0012C6B4,"BE_Landing_11","[BE - Landing Handler]","BELandingQuestScript",
0x0012C6B5,"BE_Landing_10","[BE - Landing Handler]","BELandingQuestScript",
0x0012C6B6,"BE_Landing_09","[BE - Landing Handler]","BELandingQuestScript",
0x0012C6B7,"BE_Landing_08","[BE - Landing Handler]","BELandingQuestScript",
0x0012C6B8,"BE_Landing_07","[BE - Landing Handler]","BELandingQuestScript",
0x0012C6B9,"BE_Landing_06","[BE - Landing Handler]","BELandingQuestScript",
0x0012C6BA,"BE_Landing_05","[BE - Landing Handler]","BELandingQuestScript",
0x0012C6BB,"BE_Landing_04","[BE - Landing Handler]","BELandingQuestScript",
0x0012C6BC,"BE_Landing_03","[BE - Landing Handler]","BELandingQuestScript",
0x0012C6BD,"BE_Landing_02","[BE - Landing Handler]","BELandingQuestScript",
0x0012C6BE,"BE_Landing_01","[BE - Landing Handler]","BELandingQuestScript",
0x0012C6BF,"BE_Landing_00","[BE - Landing Handler]","BELandingQuestScript",
0x0012D037,"SE_Placeholder","Used to manage random number of SEs","SEScript",
0x0012DFA1,"COM_Companion_SarahMorgan_Convo_Andreja02","Sarah Morgan Andreja Conversation 02","COM_ConvoQuestScript",
0x0012DFA4,"COM_Companion_SarahMorgan_Convo_Barrett01","Sarah Morgan Barrett Conversation 01","COM_ConvoQuestScript",
0x0012DFA5,"COM_Companion_SarahMorgan_Convo_SamCoe02","Sarah Morgan Sam Coe Conversation 02","COM_ConvoQuestScript",
0x0012DFB1,"COM_Companion_SarahMorgan_Convo_Neon01","Sarah Morgan Neon Conversation 01","COM_ConvoQuestScript",
0x0012DFB3,"COM_Companion_SarahMorgan_Convo_Neon02","Sarah Morgan Neon Conversation 02","COM_ConvoQuestScript",
0x0012DFB5,"COM_Companion_SarahMorgan_Convo_Cydonia01","Sarah Morgan Cydonia Conversation 01","COM_ConvoQuestScript",
0x0012DFB7,"COM_Companion_SarahMorgan_Convo_SamCoe01","Sarah Morgan Sam Coe Conversation 01","COM_ConvoQuestScript",
0x0012DFB9,"COM_Companion_SarahMorgan_Convo_Barrett02","Sarah Morgan Barrett Conversation 02","COM_ConvoQuestScript",
0x0012DFBB,"COM_Companion_SarahMorgan_Convo_Andreja01","Sarah Morgan Andreja Conversation 01","COM_ConvoQuestScript",
0x0012E145,"SE_CL02","Drug Dealer","SEScript",
0x0012EB37,"SE_DerelictShip","Generic Derelict BE","SEScript",
0x0012EB37,"SE_DerelictShip","Generic Derelict BE","SE_DerelictScript",
0x00132A2C,"SE_Player_CivilianShips_UC","Space Encounter Template","SEScript",
0x00132A2D,"SE_Player_CivilianShips_Freestar","Space Encounter Template","SEScript",
0x00132A2E,"SE_Player_CivilianShips_LIST","Space Encounter Template","SEScript",
0x00132A2F,"SE_Player_CivilianShips_TradeAuthority","Space Encounter Template","SEScript",
0x00132A30,"SE_Player_CivilianShips_Galbank","Space Encounter Template","SEScript",
0x00132BAC,"SE_SD02","Miner Escort","SEScript",
0x00133661,"SE_DestroyedShips01","Destroyed Ships as Loot","SEScript",
0x00133661,"SE_DestroyedShips01","Destroyed Ships as Loot","SE_RandomLootSpawnerScript",
0x0013395B,"SE_Player_EmptyDebris","Space Encounter Template","SEScript",
0x0013395C,"SE_Player_EmptyIcy","Space Encounter Template","SEScript",
0x0013395D,"SE_Player_EmptyRocky","Space Encounter Template","SEScript",
0x00133CF8,"SE_AF03","Fake Arrest Encounter","SEScript",
0x00134535,"SE_AF07","Wave Combat Beacon","SEScript",
0x00134535,"SE_AF07","Wave Combat Beacon","se_af07script",
0x00134BE8,"SE_JP01","Ambush","SEScript",
0x00134BE8,"SE_JP01","Ambush","SE_FAB09_SpawnScript",
0x00134BE8,"SE_JP01","Ambush","Utility_FAB_Script",
0x00137578,"MB_SurveyPlanet04_LIST","Survey <Alias=TargetPlanetLocation> in <Alias=TargetSystemLocation>","missionsurveyquestscript",
0x0013F2A1,"SE_Player_DerelictShip","Space Encounter Template","SEScript",
0x0013F2A1,"SE_Player_DerelictShip","Space Encounter Template","SE_DerelictScript",
0x0013F2C8,"MB_PlantEvidence01_RIR02","Plant Evidence at <Alias=TargetLocation>","MissionPlantEvidenceQuestScript",
0x0013F2C8,"MB_PlantEvidence01_RIR02","Plant Evidence at <Alias=TargetLocation>","ri_crimetrackingquestscript",
0x0013F727,"MB_Hack01_RIR01","Hack <Alias=TargetLocation>","ri_crimetrackingquestscript",
0x0013F727,"MB_Hack01_RIR01","Hack <Alias=TargetLocation>","MissionHackQuestScript",
0x0013F73D,"MB_Sabotage01_RIR04","Sabotage <Alias=TargetLocation>","MissionSabotageQuestScript",
0x0013F73D,"MB_Sabotage01_RIR04","Sabotage <Alias=TargetLocation>","ri_crimetrackingquestscript",
0x0013FA4F,"SE_Player_KMK01_StarbornPatrol01","Starborn Patrol","SEScript",
0x0013FA50,"OE_KMK_Starborn01","Starborn","oescript",
0x0014618F,"DialogueUCFactionAlwaysOn","","UCParentFactionQuestScript",
0x001499EF,"CREW_EliteCrew_SophiaGrace","Sophia Grace","Crew_EliteCrewQuestScript",
0x0014D4A3,"MB_Bounty04_FCR04","Kill the <Alias=PrimaryRef> on <Alias=TargetPlanetLocation>","FCRQuestScript",
0x0014D4A3,"MB_Bounty04_FCR04","Kill the <Alias=PrimaryRef> on <Alias=TargetPlanetLocation>","MissionQuestScript",
0x0014E8F7,"CREW_EliteCrew_BettyHowser","Betty Howser","Crew_EliteCrewQuestScript",
0x0014E95F,"MB_Bounty03_FCR02","Kill the <Alias=PrimaryRef> on <Alias=TargetPlanetLocation>","FCRQuestScript",
0x0014E95F,"MB_Bounty03_FCR02","Kill the <Alias=PrimaryRef> on <Alias=TargetPlanetLocation>","MissionQuestScript",
0x00150A57,"MB_Passenger03Far","Transport <Alias=PrimaryRef> to <Alias=TargetPlanetLocation>","missionpassengerquestscript",
0x001594BF,"CREW_EliteCrew_OmariHassan","Omari Hassan","Crew_EliteCrewQuestScript",
0x001611B3,"MB_Steal02Far_CFR03","Steal From <Alias=TargetLocation> on <Alias=TargetPlanetLocation>","MissionStealQuestScript",
0x001699FB,"City_ER_Peace","Peacemaker","uc09questscript",
0x0016B408,"CREW_EliteCrew_AndromedaKepler","Andromeda Kepler","Crew_EliteCrewQuestScript",
0x0016D3C8,"CREW_EliteCrew_MickeyCaviar","Mickey Caviar","Crew_EliteCrewQuestScript",
0x0016D4D1,"City_ER_Ghost","Ghost Hunt","uc09questscript",
0x0017134F,"City_ER_Dead","Dead Stop","uc09questscript",
0x00172F8B,"MQ401f","One Small Step","MQ401VariantQuestScript",
0x00173104,"MQ401e","One Small Step","MQ401VariantQuestScript",
0x0017A837,"BE_Empty_19","[BE - Empty]","bescript",
0x0017A838,"BE_Empty_18","[BE - Empty]","bescript",
0x0017A839,"BE_Empty_17","[BE - Empty]","bescript",
0x0017A83A,"BE_Empty_16","[BE - Empty]","bescript",
0x0017A83B,"BE_Empty_15","[BE - Empty]","bescript",
0x0017A83C,"BE_Empty_14","[BE - Empty]","bescript",
0x0017A83D,"BE_Empty_13","[BE - Empty]","bescript",
0x0017A83E,"BE_Empty_12","[BE - Empty]","bescript",
0x0017A83F,"BE_Empty_11","[BE - Empty]","bescript",
0x0017A840,"BE_Empty_10","[BE - Empty]","bescript",
0x0017A841,"BE_Empty_09","[BE - Empty]","bescript",
0x0017A842,"BE_Empty_08","[BE - Empty]","bescript",
0x0017A843,"BE_Empty_07","[BE - Empty]","bescript",
0x0017A844,"BE_Empty_06","[BE - Empty]","bescript",
0x0017A845,"BE_Empty_05","[BE - Empty]","bescript",
0x0017A846,"BE_Empty_04","[BE - Empty]","bescript",
0x0017A847,"BE_Empty_03","[BE - Empty]","bescript",
0x0017A848,"BE_Empty_02","[BE - Empty]","bescript",
0x0017A849,"BE_Empty_01","[BE - Empty]","bescript",
0x0017A84A,"BE_Empty_00","[BE - Empty]","bescript",
0x0017A84C,"BE_Empty","[BE - Empty]","bescript",
0x0017A964,"CREW_EliteCrew_Ezekiel","Ezekiel","Crew_EliteCrewQuestScript",
0x0017B94D,"MQ401d","One Small Step","MQ401VariantQuestScript",
0x0017F7A5,"MQ401c","One Small Step","MQ401VariantQuestScript",
0x00180481,"FFLodge04","Walter and Sarah","FFLodge04QuestScript",
0x00182C46,"MB_SurveyPlanet03_LIST","Survey <Alias=TargetPlanetLocation> in <Alias=TargetSystemLocation>","missionsurveyquestscript",
0x00184574,"MB_SurveyPlanet02","Survey <Alias=TargetPlanetLocation> in <Alias=TargetSystemLocation>","missionsurveyquestscript",
0x00187431,"CREW_EliteCrew_OtherPlayer","Other You","Crew_EliteCrewQuestScript",
0x00187BF1,"COM_Companion_SamCoe_CoraCoe_Handler","Cora Coe","DefaultFollowerToggleQuestScript",
0x00187BF1,"COM_Companion_SamCoe_CoraCoe_Handler","Cora Coe","COM_CoraHandlerQuestScript",
0x00189658,"SQ_Doctors","","SQ_DoctorsScript",
0x0018AE76,"MQ302b","Revelation","lc165spacequestscript",
0x0018B717,"RI08","Executive Level","Ri08_QuestScript",
0x0018BC56,"City_GG_Mark","Missed the Mark","City_GG_Mark_QuestScript",
0x0018E24F,"CREW_EliteCrew_AmeliaEarhart","Amelia Earhart","Crew_EliteCrewQuestScript",
0x00192DD7,"Rad01_LIST","Top of the L.I.S.T.","rad01_list_questscript",
0x00192DDC,"MB_Supply11Manufactured03","Supply <Alias=PrimaryRef> to <Alias=TargetPlanetLocation>, <Alias=TargetSystemLocation>","missionsupplyscript",
0x001933D5,"CREW_EliteCrew_RafaelAguerro","Rafael Aguerro","Crew_EliteCrewQuestScript",
0x0019413B,"MB_Supply10Manufactured02","Supply <Alias=PrimaryRef> to <Alias=TargetPlanetLocation>, <Alias=TargetSystemLocation>","missionsupplyscript",
0x0019413C,"MB_Supply09Manufactured01","Supply <Alias=PrimaryRef> to <Alias=TargetPlanetLocation>, <Alias=TargetSystemLocation>","missionsupplyscript",
0x0019413D,"MB_Supply08Organic_Exotic","Supply <Alias=PrimaryRef> to <Alias=TargetPlanetLocation>, <Alias=TargetSystemLocation>","missionsupplyscript",
0x0019413E,"MB_Supply07Organic_Rare","Supply <Alias=PrimaryRef> to <Alias=TargetPlanetLocation>, <Alias=TargetSystemLocation>","missionsupplyscript",
0x00194219,"MB_Supply04Exotic","Supply <Alias=PrimaryRef> to <Alias=TargetPlanetLocation>, <Alias=TargetSystemLocation>","missionsupplyscript",
0x0019421A,"MB_Supply03Rare","Supply <Alias=PrimaryRef> to <Alias=TargetPlanetLocation>, <Alias=TargetSystemLocation>","missionsupplyscript",
0x0019421B,"MB_Supply06Organic_Uncommon","Supply <Alias=PrimaryRef> to <Alias=TargetPlanetLocation>, <Alias=TargetSystemLocation>","missionsupplyscript",
0x001953F3,"MB_SurveyTrait25","Locate <Alias=PrimaryRef> in <Alias=TargetSystemLocation>","missionsurveytraitscript",
0x001953F4,"MB_SurveyTrait24","Locate <Alias=PrimaryRef> in <Alias=TargetSystemLocation>","missionsurveytraitscript",
0x001953F5,"MB_SurveyTrait23","Locate <Alias=PrimaryRef> in <Alias=TargetSystemLocation>","missionsurveytraitscript",
0x001953F6,"MB_SurveyTrait22","Locate <Alias=PrimaryRef> in <Alias=TargetSystemLocation>","missionsurveytraitscript",
0x001953F7,"MB_SurveyTrait21","Locate <Alias=PrimaryRef> in <Alias=TargetSystemLocation>","missionsurveytraitscript",
0x001953F8,"MB_SurveyTrait20","Locate <Alias=PrimaryRef> in <Alias=TargetSystemLocation>","missionsurveytraitscript",
0x001953F9,"MB_SurveyTrait19","Locate <Alias=PrimaryRef> in <Alias=TargetSystemLocation>","missionsurveytraitscript",
0x001953FA,"MB_SurveyTrait18","Locate <Alias=PrimaryRef> in <Alias=TargetSystemLocation>","missionsurveytraitscript",
0x001953FB,"MB_SurveyTrait17","Locate <Alias=PrimaryRef> in <Alias=TargetSystemLocation>","missionsurveytraitscript",
0x001953FC,"MB_SurveyTrait16","Locate <Alias=PrimaryRef> in <Alias=TargetSystemLocation>","missionsurveytraitscript",
0x001953FD,"MB_SurveyTrait15","Locate <Alias=PrimaryRef> in <Alias=TargetSystemLocation>","missionsurveytraitscript",
0x001953FE,"MB_SurveyTrait14","Locate <Alias=PrimaryRef> in <Alias=TargetSystemLocation>","missionsurveytraitscript",
0x001953FF,"MB_SurveyTrait12","Locate <Alias=PrimaryRef> in <Alias=TargetSystemLocation>","missionsurveytraitscript",
0x00195400,"MB_SurveyTrait11","Locate <Alias=PrimaryRef> in <Alias=TargetSystemLocation>","missionsurveytraitscript",
0x00195401,"MB_SurveyTrait10","Locate <Alias=PrimaryRef> in <Alias=TargetSystemLocation>","missionsurveytraitscript",
0x00195402,"MB_SurveyTrait09","Locate <Alias=PrimaryRef> in <Alias=TargetSystemLocation>","missionsurveytraitscript",
0x00195403,"MB_SurveyTrait08","Locate <Alias=PrimaryRef> in <Alias=TargetSystemLocation>","missionsurveytraitscript",
0x00195404,"MB_SurveyTrait07","Locate <Alias=PrimaryRef> in <Alias=TargetSystemLocation>","missionsurveytraitscript",
0x00195405,"MB_SurveyTrait06","Locate <Alias=PrimaryRef> in <Alias=TargetSystemLocation>","missionsurveytraitscript",
0x00195406,"MB_SurveyTrait05","Locate <Alias=PrimaryRef> in <Alias=TargetSystemLocation>","missionsurveytraitscript",
0x00195407,"MB_SurveyTrait04","Locate <Alias=PrimaryRef> in <Alias=TargetSystemLocation>","missionsurveytraitscript",
0x00195408,"MB_SurveyTrait03","Locate <Alias=PrimaryRef> in <Alias=TargetSystemLocation>","missionsurveytraitscript",
0x00196BAE,"CREW_EliteCrew_ErickvonPrice","Erick von Price","Crew_EliteCrewQuestScript",
0x0019B984,"MB_Steal01Far_CFR03","Steal From <Alias=TargetLocation> on <Alias=TargetPlanetLocation>","MissionStealQuestScript",
0x0019C209,"CREW_EliteCrew_AutumnMacMillan","Autumn MacMillan","Crew_EliteCrewQuestScript",
0x0019D843,"SE_Player_CivilianShips","Space Encounter Template","SEScript",
0x001A2D28,"DialogueGenericVendor_LIST","LIST Vendor Dialogue","DialogueShipServicesScript",
0x001A2F82,"UC09_PostQuest_NewAtlantis_HeatleechScene","","uc09questscript",
0x001A430D,"CREW_EliteCrew_MoaraOtero","Moara Otero","Crew_EliteCrewQuestScript",
0x001A5509,"DialogueGenericPiracyShips","Piracy Option for Ship Hails","DialogueGenericPiracyShipQScript",
0x001A8D9C,"CREW_EliteCrew_Lin","Lin","Crew_EliteCrewQuestScript",
0x001ABF4E,"SQ_PlayerHouse","","sq_playerhousescript",
0x001AD42E,"CREW_EliteCrew_Heller","Heller","Crew_EliteCrewQuestScript",
0x001AF7DD,"SQ_Alarm00","","sq_alarmscript",
0x001AF7DE,"SQ_Alarm01","","sq_alarmscript",
0x001B39B7,"MB_Smuggle01_CFR02","Smuggle <Alias=PrimaryRef> to <Alias=TargetPlanetLocation>","missioncargoquestscript",
0x001B3F7E,"CREW_EliteCrew_Hadrian","Hadrian","Crew_EliteCrewQuestScript",
0x001BF51A,"SE_Player_DebrisWarehouse","Space Encounter Template","SEScript",
0x001BF8A1,"CREW_EliteCrew_MathisCastillo","Mathis Castillo","Crew_EliteCrewQuestScript",
0x001BF8CE,"SE_Player_HailTemplate","Hailing Encounter Template","SEScript",
0x001C25D2,"RL083","RL083","RL083_AssemblyLine",
0x001C2C96,"FFClinicR01","Knowledge is Power","FFClinicR01QuestScript",
0x001C2C98,"FFClinicR02","Specimen Collection","FFClinicR02QuestScript",
0x001C50DE,"CREW_EliteCrew_LyleBrewer","Lyle Brewer","Crew_EliteCrewQuestScript",
0x001C57FB,"SQ_StationTrafficManager_00","","SQ_StationTrafficManagerQuestScript",
0x001C580D,"SQ_StationTrafficManager_01","","SQ_StationTrafficManagerQuestScript",
0x001C7686,"SQ_NeonAuroraCheck00","","SQ_NeonAuroraCheckScript",
0x001C7689,"FFParadisoZ01","Last Resort","FFParadisoZ01QuestScript",
0x001CBCE2,"SQ_NeonAuroraCheck","","SQ_NeonAuroraCheckScript",
0x001CDAFB,"CREW_EliteCrew_DaniGarcia","Dani Garcia","Crew_EliteCrewQuestScript",
0x001CE773,"SE_ZW02","Minefield","SEScript",
0x001CEDC2,"FFNeonZ06_QuestIntroTimerController","Quest Intro timer controller","DialogueFCNeon_TimerScript",
0x001D3081,"SQ_Captive","","SQ_CaptiveScript",
0x001D65C0,"CREW_EliteCrew_RosieTannehill","Rosie Tannehill","Crew_EliteCrewQuestScript",
0x001D84DB,"SE_LootDropMaster","Random Loot","SEScript",
0x001D84DB,"SE_LootDropMaster","Random Loot","SE_RandomLootSpawnerScript",
0x001D8AE3,"CREW_EliteCrew_JessamineGriffin","Jessamine Griffin","Crew_EliteCrewQuestScript",
0x001DF911,"CREW_EliteCrew_SimeonBankowski","Simeon Bankowski","Crew_EliteCrewQuestScript",
0x001E5E40,"CREW_EliteCrew_MarikaBoros","Marika Boros","Crew_EliteCrewQuestScript",
0x001E7A0A,"UCR04","Apex Predator","UCR04QuestScript",
0x001E7A0B,"DialogueRedDevilsHQ","","RHQ_QuestScript",
0x001EE4CF,"MS01SpaceEncounter02","Second Spacer Fights","SEScript",
0x001EE4D1,"MS01SpaceEncounter03","Intro Merchant","SEScript",
0x001EEE2A,"SE_Player_KMK01_StarbornPatrol_HigherChance01","Starborn Patrol","SEScript",
0x001EEE2B,"SE_Player_KMK01_StarbornPatrol_HigherChance00","Starborn Patrol","SEScript",
0x001EEE2C,"OE_KMK_Starborn_HigherChance01","Starborn","oescript",
0x001EEE2D,"OE_KMK_Starborn_HigherChance00","Starborn","oescript",
0x001EEE2E,"SE_Player_KMK01_StarbornPatrol_HigherChance","Starborn Patrol","SEScript",
0x001EEE2F,"OE_KMK_Starborn_HigherChance","Starborn","oescript",
0x001EF7EF,"MS01SpaceEncounter01","First Spacer Fights","SEScript",
0x001F6FB6,"DBTestPCMAI_Quest","","DBTestPCMAIScript",
0x001FB85C,"RI04","Background Checks","ri_crimetrackingquestscript",
0x001FC858,"UC09","A Legacy Forged","uc09questscript",
0x00203D50,"SQ_TrafficManagerHeavy00","Ship Traffic Manager","SQ_TrafficManagerScript",
0x00203D51,"SQ_TrafficManagerHeavy01","Ship Traffic Manager","SQ_TrafficManagerScript",
0x002062C3,"UC08","Hostile Intelligence","uc08questscript",
0x002062D4,"SQ_Alarm","","sq_alarmscript",
0x0020B923,"Dialogue1OfAKindUC07","","OneOfAKindQuestScript",
0x0020C0C0,"SE_JM01","Derelict Ship Template","SEScript",
0x00212B4E,"City_Akila_Ashta03","Leader of the Pack","City_Akila_Ashta02_Script",
0x00212B4F,"City_Akila_Ashta02","False Positives","City_Akila_Ashta02_Script",
0x002153B5,"MB_Supply05Organic_Common","Supply <Alias=PrimaryRef> to <Alias=TargetPlanetLocation>, <Alias=TargetSystemLocation>","missionsupplyscript",
0x00215D61,"MB_Supply02Uncommon","Supply <Alias=PrimaryRef> to <Alias=TargetPlanetLocation>, <Alias=TargetSystemLocation>","missionsupplyscript",
0x00216D3D,"RAD04","Wanted... Dead not Alive","RAD04QuestScript",
0x0021848B,"SE_AF06","Smuggling Loot Cave","SEScript",
0x0021952E,"FFNewHomesteadR05","Special Sauce","FFNewHomesteadR05QuestScript",
0x0021A8B0,"FFNewHomesteadR02","Tourists Go Home","FFNewHomesteadR02QuestScript",
0x0021B201,"MQ_HunterPreMQ106","","MQHunterPreMQ106Script",
0x0021B8BD,"SQ_TrafficManagerHeavy","Ship Traffic Manager","SQ_TrafficManagerScript",
0x0021C202,"MB_SurveyTrait02","Locate <Alias=PrimaryRef> in <Alias=TargetSystemLocation>","missionsurveytraitscript",
0x0021C203,"MB_SurveyTrait00","Locate <Alias=PrimaryRef> in <Alias=TargetSystemLocation>","missionsurveytraitscript",
0x0021C204,"MB_SurveyTrait13","Locate <Alias=PrimaryRef> in <Alias=TargetSystemLocation>","missionsurveytraitscript",
0x0021E703,"MB_Supply01Common","Supply <Alias=PrimaryRef> to <Alias=TargetPlanetLocation>, <Alias=TargetSystemLocation>","missionsupplyscript",
0x0021E73C,"LC088_Space","[LC088 - Crimson Fleet Final Battle - Space Battle]","lc088_spacequestscript",
0x0021FD37,"MB_SurveyTrait01","Locate <Alias=PrimaryRef> in <Alias=TargetSystemLocation>","missionsurveytraitscript",
0x00220B47,"SE_AF04","Pirate Loot Trap","SEScript",
0x00222A40,"SE_AF02","Ship Racing","SEScript",
0x00224B22,"SE_GenericTemplate","Space Encounter Template","SEScript",
0x0022607A,"MB_SurveyPlanet01","Survey <Alias=TargetPlanetLocation> in <Alias=TargetSystemLocation>","missionsurveyquestscript",
0x0022B2D9,"BE_Landing","[BE - Landing Handler]","BELandingQuestScript",
0x0022D67C,"SE_MQ207C","[Entangled - Satellite Quest]","SEScript",
0x0022E153,"DialogueShipServices","Ship Services Tech Dialogue","DialogueShipServicesScript",
0x002308A3,"OE_KMK_HostileHumans","Hostile Humans","oescript",
0x00233C2F,"City_Neon_Chem03","Supply Line","City_Neon_Drug03_Script",
0x00237490,"City_CY_RedTape01","Red Tape Blues","CityCYRedTape01QuestScript",
0x0023CA8C,"SE_Player_DevVid","Space Encounter Template","SEScript",
0x0023DE4E,"SQ_ShipVendors","","SQ_ShipVendorsScript",
0x0023E9B7,"FFCydoniaR03","Media Sponge","debugquestscript",
0x0023E9B7,"FFCydoniaR03","Media Sponge","FFCydoniaR03QuestScript",
0x0023FB04,"UC_TerrormorphSupportQuest","","UC_TerrormorphSupportScript",
0x00246FCB,"RL088_EavesdroppingScene","","RL088Script",
0x00248CF0,"UC06","The Devils You Know","uc06_questscript",
0x00248D20,"SQ_ENV","Enviromental Gameplay System Quest","sq_envscript",
0x00248D20,"SQ_ENV","Enviromental Gameplay System Quest","SQ_ENV_OnHit_Burns",
0x0025579A,"Debug_SoundScriptingQuest","","DebugSoundScriptingQuest",
0x00256133,"FC08_SpaceEnc01","Encounter against The First","defaultcounterquesta",
0x00256133,"FC08_SpaceEnc01","Encounter against The First","defaultcounterquestb",
0x00256133,"FC08_SpaceEnc01","Encounter against The First","defaultcounterquestc",
0x00256F51,"CREW_EliteCrew_Vasco","Vasco","Crew_EliteCrewQuestScript",
0x00257DE1,"MQ207C","Entangled","defaultcounterquesta",
0x0025B292,"OE_KMK_Supply01","Supply <Alias=PrimaryRef> to <Alias=OE_Location> on <Alias=TargetPlanetLocation>","oescript",
0x0026174E,"COM_CommentTriggerQuest","","COM_CommentTriggerQuestScript",
0x0026C4EA,"CREW_GenericCrew","","crew_genericcrewquestscript",
0x0026D62C,"SE_Player_ZW16a","MS05 Sensible Ship encounter","SEScript",
0x0026D62D,"SE_Player_ZW16b","MS05 Ridiculous Ship Encounter","SEScript",
0x0026EE1B,"DialogueUCNewAtlantis_LandryHollifeld","","LandyScript",
0x00270719,"City_NA_Viewport02","Liquid Assets","City_NA_Viewport02QuestScript",
0x0027071C,"City_NA_Well01","Tapping the Grid","City_NA_Well01_QuestScript",
0x00278F1A,"LC044Jail","","LC044Jail_QuestScript",
0x0027A973,"SE_SC06Debug","[SE_SC03 / BE_SC03 - The McGraths]","SEScript",
0x0027E24A,"MQ207C_Support","[Entangled - Support Quest]","MQ207CSupportQuestScript",
0x00292526,"MQ102SpaceEncounter03","Moara's Ship","MQ102SpaceEncounter03Script",
0x002997DC,"SE_ZW06","Derelict Ship Template","SEScript",
0x0029B966,"COM_Companion_SarahMorgan_Convo_NewAtlantis07","Sarah Morgan New Atlantis Conversation 07","COM_ConvoQuestScript",
0x0029B967,"COM_Companion_SarahMorgan_Convo_NewAtlantis05","Sarah Morgan New Atlantis Conversation 05","COM_ConvoQuestScript",
0x0029B968,"COM_Companion_SarahMorgan_Convo_NewAtlantis06","Sarah Morgan New Atlantis Conversation 06","COM_ConvoQuestScript",
0x0029D07B,"COM_Companion_SarahMorgan_Convo_NewAtlantis04","Sarah Morgan New Atlantis Conversation 04","COM_ConvoQuestScript",
0x0029D07C,"COM_Companion_SarahMorgan_Convo_NewAtlantis03","Sarah Morgan New Atlantis Conversation 03","COM_ConvoQuestScript",
0x0029D07D,"COM_Companion_SarahMorgan_Convo_NewAtlantis01","Sarah Morgan New Atlantis Conversation 01","COM_ConvoQuestScript",
0x0029D07E,"COM_Companion_SarahMorgan_Convo_NewAtlantis02","Sarah Morgan New Atlantis Conversation 02","COM_ConvoQuestScript",
0x0029E183,"Achievements_Quest","","achievements_companionsandelitecrew",
0x0029EF60,"RAD02","A Light in the Darkness","RAD02Script",
0x002A8318,"RI_Support","[Support for Ryujin Quests]","ri_radiantsupportquestscript",
0x002AAC9C,"RI02","Sowing Discord","ri_crimetrackingquestscript",
0x002AAE8D,"UC04","Eyewitness","uc09questscript",
0x002B0B8E,"SE_Player_Raid01","Spacer Raid","SEScript",
0x002B0B8E,"SE_Player_Raid01","Spacer Raid","SE_RaidScript",
0x002B1809,"UC02_ScannerQuest","","uc02_scannerquestscript",
0x002B1B8E,"MQ207","In Their Footsteps","mq207script",
0x002B67E9,"LC030","[LC030 - The Lock]","defaultcounterquestb",
0x002B67E9,"LC030","[LC030 - The Lock]","defaultcounterquestc",
0x002B67E9,"LC030","[LC030 - The Lock]","defaultcounterquestd",
0x002B67E9,"LC030","[LC030 - The Lock]","lc030_questscript",
0x002BABF3,"RIR03","Access is Key","ri_crimetrackingquestscript",
0x002BABF3,"RIR03","Access is Key","RIR03_QuestScript",
0x002BCBED,"MB_Smuggle01_CFR0200","Smuggle <Alias=PrimaryRef> to <Alias=TargetPlanetLocation>","missioncargoquestscript",
0x002BCBF4,"MB_Smuggle01_CFR0201","Smuggle <Alias=PrimaryRef> to <Alias=TargetPlanetLocation>","missioncargoquestscript",
0x002BF365,"LC082","[LC082 - UC Vigilance]","lc082_brigquestscript",
0x002BF369,"LC043","[LC043 - SY-920]","LC043QuestScript",
0x002BF36A,"LC088","[LC088 - Crimson Fleet Final Battle Master Quest]","LC088QuestScript",
0x002C0FD8,"BEDebug","[BE - Debug Quest]","bedebugscript",
0x002C2561,"RIR02","A New Narrative","ri_crimetrackingquestscript",
0x002C5402,"DialogueUCFactionNewAtlantis","","UC01_OrientationDisplayQuestScript",
0x002C572B,"RIR01","One Step Ahead","ri_crimetrackingquestscript",
0x002CFDEC,"SQ_CargoShips","","SQ_ShipRespawnScript",
0x002D88B8,"MB_Passenger07OEColonist","Transport <Alias=PrimaryRef> to <Alias=TargetPlanetLocation>","missionpassengerquestscript",
0x002D90F3,"SQ_OutpostCreateStarstation00","","SQ_ShipRespawnScript",
0x002D90F3,"SQ_OutpostCreateStarstation00","","sq_outpostcreatestarstationscript",
0x002D90F4,"SQ_OutpostCreateStarstation01","","SQ_ShipRespawnScript",
0x002D90F4,"SQ_OutpostCreateStarstation01","","sq_outpostcreatestarstationscript",
0x002D90F5,"SQ_OutpostCreateStarstation02","","SQ_ShipRespawnScript",
0x002D90F5,"SQ_OutpostCreateStarstation02","","sq_outpostcreatestarstationscript",
0x002D90F6,"SQ_OutpostCreateStarstation03","","SQ_ShipRespawnScript",
0x002D90F6,"SQ_OutpostCreateStarstation03","","sq_outpostcreatestarstationscript",
0x002DBEA5,"MB_Passenger05OEWorker","Transport <Alias=PrimaryRef> to <Alias=TargetPlanetLocation>","missionpassengerquestscript",
0x002DBEA6,"MB_Passenger06OEScientist","Transport <Alias=PrimaryRef> to <Alias=TargetPlanetLocation>","missionpassengerquestscript",
0x002DC638,"SE_SP01","Derelict Ship Template","SEScript",
0x002DD60D,"OE_ChangeLocationTrigger","Change Location OE Trigger","OE_ChangeLocationTriggerQuestScript",
0x002DF8DC,"SE_JM03","Derelict Ship Template","SEScript",
0x002EA967,"SE_Player_Patrol0401","Varuun Patrol","se_fab18c_spawnscript",
0x002EA967,"SE_Player_Patrol0401","Varuun Patrol","SEScript",
0x002EA968,"SE_Player_Patrol0400","Varuun Patrol","se_fab18c_spawnscript",
0x002EA968,"SE_Player_Patrol0400","Varuun Patrol","SEScript",
0x00327070,"SE_CK02","Derelict Ship Template","SEScript",
0x0032767C,"SE_Player_ZW12","Naeva's Revenge","SEScript",
0x0032767C,"SE_Player_ZW12","Naeva's Revenge","Utility_FAB_Script",
0x0032AF5F,"SQ_Hoteliers","","SQ_HoteliersQuestScript",
0x003303A5,"MB_Bounty05_UC","Kill the <Alias=PrimaryRef> on <Alias=TargetPlanetLocation>","MissionQuestScript",
0x0033E8F3,"COM_Companion_Barrett_Convo_SamCoe02","Barrett / Sam Coe Conversation 01","COM_ConvoQuestScript",
0x0033E8F4,"COM_Companion_Barrett_Convo_SamCoe01","Barrett / Sam Coe Conversation 01","COM_ConvoQuestScript",
0x0033E8F7,"COM_Companion_Barrett_Convo_Cydonia01","Barrett NPC Chat (Jack)","COM_ConvoQuestScript",
0x0034CAAB,"OE_KMK_Starborn","Starborn","oescript",
0x0034ECEC,"OE_KMK_Starborn00","Starborn","oescript",
0x0034EF7E,"SE_Player_KMK01_StarbornPatrol","Starborn Patrol","SEScript",
0x003514C7,"MB_BountySpace06Local","Destroy the <Alias=PrimaryRef> at <Alias=TargetPlanetLocation>","missionbountyspacescript",
0x003514C8,"MB_Hunt01Local","Clear the <Alias=TargetLocation> on <Alias=TargetPlanetLocation>","missionhuntquestscript",
0x003556EB,"SE_Player_KMK01_StarbornPatrol00","Starborn Patrol","SEScript",
0x00379424,"SE_KT12","Derelict Ship Template","SEScript",
0x003796BA,"SE_KT11","Derelict Ship Template","SEScript",
0x0037F545,"SE_KT07","Derelict Ship Template","SEScript",
0x0037FBFB,"SE_KT10","Derelict Ship Template","SEScript",
0x00382392,"SE_KT09","Derelict Ship Template","SEScript",
0x003829FD,"SE_KT13","Derelict Ship Template","SEScript",
0x00385E44,"SE_KT14","Derelict Ship Template","SEScript",
0x0038B5EB,"MB_Hunt01Local00","Clear the <Alias=TargetLocation> on <Alias=TargetPlanetLocation>","missionhuntquestscript",
0x0038B5EF,"MB_Hunt01Local01","Clear the <Alias=TargetLocation> on <Alias=TargetPlanetLocation>","missionhuntquestscript",
0x0038B5F3,"MB_Hunt01Local02","Clear the <Alias=TargetLocation> on <Alias=TargetPlanetLocation>","missionhuntquestscript",
0x0039469D,"SQ_TrafficManagerMedium","Ship Traffic Manager","SQ_TrafficManagerScript",
0x0039469E,"SQ_TrafficManagerLight","Ship Traffic Manager","SQ_TrafficManagerScript",
0x003946A5,"SQ_TrafficManagerMedium00","Ship Traffic Manager","SQ_TrafficManagerScript",
0x003946A6,"SQ_TrafficManagerMedium01","Ship Traffic Manager","SQ_TrafficManagerScript",
0x003946A7,"SQ_TrafficManagerLight00","Ship Traffic Manager","SQ_TrafficManagerScript",
0x003946A8,"SQ_TrafficManagerLight01","Ship Traffic Manager","SQ_TrafficManagerScript",
0x003999D7,"RedMile_HandlerQuest","","RedMileHandlerQuestScript",
0x003BD854,"MB_Passenger01Far02","Transport <Alias=PrimaryRef> to <Alias=TargetPlanetLocation>","missionpassengerquestscript",
0x003C23E6,"ECSConstantRoamingHandler00","ECS Constant Post Quest SE","ECSConstantRoamingHandlerQuestScript",
0x003D2EBB,"SQ_PreventRecalc","Quest with alias to hold refs you don't want to recalc","sq_preventrecalcscript",
0x003E56E3,"OE_KMK_HostileHumans_Ship","Hostile Humans - Ship Landing","oescript",
