FormID, EditorID, Full, Model, TMLM
0x00002974,"LC115DoorControlsTerminal","Secure Door Control","SetDressing\Terminals\TerminalActivatorA01\TerminalActivatorA01.nif","DefaultBlankTerminal_Genesis"
0x00002977,"Neon_FrankiesDoorControlsTerminal","Secure Door Control","SetDressing\Terminals\TerminalActivatorA01\TerminalActivatorA01.nif","DefaultBlankTerminal_Genesis"
0x000029A4,"LC017_RobotTurretControl","Emergency Turret Control","setdressing/terminals/terminalsittingactivatora01\terminalsittingactivatora01.nif","DefaultBlankTerminal_Genesis"
0x0000351B,"DefaultBlankComputer_ConsoleSitting_UsePackin","Computer","SetDressing\terminals\consolekitterminal\ConsoleKit_TerminalBase01.nif","DefaultBlankTerminal_Genesis"
0x00003835,"EAW_DerelictShipComputer_01","Pilgrim's Computer","SetDressing\Terminals\TerminalActivatorA01\TerminalActivatorA01.nif","EAW_MechFactoryComputerMenu_01"
0x0000383B,"EAW_ArmoredShipComputer_01","Pilgrim's Computer","SetDressing\Terminals\TerminalActivatorA01\TerminalActivatorA01.nif","EAW_MechFactoryComputerMenu_01"
0x0000383C,"EAW_AutoShipyardComputer_01","Pilgrim's Computer","SetDressing\Terminals\TerminalActivatorA01\TerminalActivatorA01.nif","EAW_MechFactoryComputerMenu_01"
0x0000383D,"EAW_TAWarehouseComputer_01","Pilgrim's Computer","SetDressing\Terminals\TerminalActivatorA01\TerminalActivatorA01.nif","EAW_MechFactoryComputerMenu_01"
0x0000383E,"EAW_MedTerrariumComputer_01","Pilgrim's Computer","SetDressing\Terminals\TerminalActivatorA01\TerminalActivatorA01.nif","EAW_MechFactoryComputerMenu_01"
0x0000383F,"EAW_TestingFacilityComputer_01","Pilgrim's Computer","SetDressing\Terminals\TerminalActivatorA01\TerminalActivatorA01.nif","EAW_MechFactoryComputerMenu_01"
0x00003841,"EAW_RedMileComputer_01","Pilgrim's Computer","SetDressing\Terminals\TerminalActivatorA01\TerminalActivatorA01.nif","EAW_MechFactoryComputerMenu_01"
0x00003844,"EAW_HeliumRefineryComputer_01","Pilgrim's Computer","SetDressing\Terminals\TerminalActivatorA01\TerminalActivatorA01.nif","EAW_MechFactoryComputerMenu_01"
0x00003845,"EAW_CliffsideComputer_01","Pilgrim's Computer","SetDressing\Terminals\TerminalActivatorA01\TerminalActivatorA01.nif","EAW_MechFactoryComputerMenu_01"
0x00003847,"EAW_RoboticsFacilityComputer_01","Pilgrim's Computer","SetDressing\Terminals\TerminalActivatorA01\TerminalActivatorA01.nif","EAW_MechFactoryComputerMenu_01"
0x00003848,"EAW_NovaGalacticComputer_01","Pilgrim's Computer","SetDressing\Terminals\TerminalActivatorA01\TerminalActivatorA01.nif","EAW_MechFactoryComputerMenu_01"
0x00003849,"EAW_HiveComputer_01","Pilgrim's Computer","SetDressing\Terminals\TerminalActivatorA01\TerminalActivatorA01.nif","EAW_MechFactoryComputerMenu_01"
0x0000384A,"EAW_BindiComputer_01","Pilgrim's Computer","SetDressing\Terminals\TerminalActivatorA01\TerminalActivatorA01.nif","EAW_MechFactoryComputerMenu_01"
0x00003851,"EAW_MechFactoryComputer_02","Pilgrim's Computer","SetDressing\Terminals\TerminalActivatorA01\TerminalActivatorA01.nif","MQ206B_TerminalKiosk"
0x00003852,"EAW_MechFactoryComputer_01","Pilgrim's Computer","SetDressing\Terminals\TerminalActivatorA01\TerminalActivatorA01.nif","EAW_MechFactoryComputerMenu_01"
0x0000991F,"SE_KT09_ComputerAnimate","Computer","setdressing/terminals/terminalsittingactivatora01\terminalsittingactivatora01.nif","SE_KT09_SmuggledCreatures_QuartermasterTerminal_Genesis"
0x00013CE6,"SE_KT08_CorrosiveGasLiquid_AsteroidDamage_CaptainTerminal","Captain Vo's Computer","SetDressing\Terminals\TerminalActivatorA01\TerminalActivatorA01.nif","SE_KT08_CorrosiveGasLiquid_AsteroidDamage_CaptainTerminal_Genesis"
0x000155A2,"OE_AustinF_DeployMicrobe_Terminal","","SetDressing\Terminals\TerminalActivatorA01\TerminalActivatorA01.nif","DefaultBlankTerminal_Genesis"
0x00018398,"RI06_DrLaneTerminal","Dr. Lane's Computer","SetDressing\Terminals\TerminalSittingActivatorA01\TerminalSittingActivatorA01.nif","RI06_DrLane_Desktop"
0x00035511,"MS02_FacilityDatacoreTerminalNEW","Facility Datacore","SetDressing\terminals\consolekitterminal\ConsoleKit_TerminalBase01.nif","MS02_FacilityDatacoreTerminal_Genesis"
0x00037AD6,"BQ01_Terminal_Mine_Ervin_RL002_LogisticsTerminal","Ervin Madani's Computer","SetDressing\Terminals\TerminalActivatorA01\TerminalActivatorA01.nif","BQ01_TerminalMenu_Mine_Office__Main"
0x0003B6B6,"UC01_NarionWar_Terminal_OLD","The Narion War","SetDressing\Terminals\TerminalActivatorA01\TerminalActivatorA01.nif","UC01_NarionWar_Terminal_MainMenu"
0x0003B800,"RemoteTurretControlComputer","Remote Turret Control Computer","SetDressing\Terminals\TerminalActivatorA01\TerminalActivatorA01.nif","DefaultBlankTerminal_Genesis"
0x0003B950,"FC06_CatalinasTerminalDUPLICATE000","Modified Terminal","SetDressing\Terminals\TerminalSittingActivatorA01\TerminalSittingActivatorA01.nif","FC06_CatalinaTerminalMenu"
0x0003D5D9,"UC01_SimShipTerminal_Desktop","Simulation Controls","SetDressing\Terminals\TerminalActivatorA01\TerminalActivatorA01.nif","UC01_SimShipTerminal_MainMenu"
0x000438D5,"DR012_ControlRoomTerminal","Computer","SetDressing\Terminals\TerminalActivatorA01\TerminalActivatorA01.nif","DefaultBlankTerminal_Genesis"
0x00046142,"UC06_OrlaseShipTerminal_New","Personal Computer","SetDressing\Terminals\TerminalActivatorA01\TerminalActivatorA01.nif","UC06_OrlaseShipTerminal_Desktop"
0x00048283,"DefaultBlankComputer_HackerSitting_UsePackin","Computer","SetDressing/Terminals/TerminalSittingActivatorH01/TerminalSittingActivatorH01.nif","DefaultBlankTerminal_Genesis"
0x0004B599,"RL037_BusinessTerminal","Computer","SetDressing\terminals\consolekitterminal\ConsoleKit_TerminalBase01.nif","RL037BusinessTerminal_Desktop"
0x0004B59E,"RL037Terminal","Computer","SetDressing\Terminals\TerminalSittingActivatorA01\TerminalSittingActivatorA01.nif","RL037ProductReviewTerminal_Desktop"
0x00052DC1,"LC051_NueroampProto_Computer_DeskStanding","Security Access Controls","setdressing/terminals/terminalsittingactivatora01\terminalsittingactivatora01.nif","LC051_NeuroampProto_Desktop"
0x0005EEC0,"RL083_Terminal_Main","Computer","SetDressing\terminals\consolekitterminal\ConsoleKit_TerminalBase01.nif","RL083_Terminal_Desktop"
0x00063E46,"KreetTerminal01_WynnPersonal","Computer","SetDressing\Terminals\TerminalActivatorA01\TerminalActivatorA01.nif","KreetTerminal01_WynnPersonal_Genesis"
0x0006A03B,"NH_GiulianaTerminal","Dr. Lakota's Computer","SetDressing\Terminals\TerminalSittingActivatorA01\TerminalSittingActivatorA01.nif","NH_GiulianaTerminal_Menu"
0x0006A044,"NH_AnjaTerminal","Brown Horse Tavern Computer","SetDressing\Terminals\TerminalActivatorA01\TerminalActivatorA01.nif","NH_AnjaTerminal_Menu"
0x0006E4E8,"SE_KT09_QuarterMaster","Computer","setdressing/terminals/terminalsittingactivatora01\terminalsittingactivatora01.nif","SE_KT09_SmuggledCreatures_QuartermasterTerminal_Genesis"
0x0006E4F8,"se_kt09_CaptainsTerminal","Computer","SetDressing\terminals\consolekitterminal\ConsoleKit_TerminalBase01.nif","SE_KT09_SmuggledCreatures_CaptainTerminal_Genesis"
0x00074CA9,"City_CY_RedTape01_HRTerminal","Deimos HR Computer","SetDressing\Terminals\TerminalSittingActivatorA01\TerminalSittingActivatorA01.nif","City_CY_RedTape01_HRTerminal_Genesis"
0x000762C6,"RL048CaptainTerminal","Sarah P. Computer","setdressing/terminals/terminalsittingactivatora01\terminalsittingactivatora01.nif","RL048CaptainTerminal_Desktop"
0x000762CB,"RL048MedBay_Terminal","Medical Bay Computer","setdressing/terminals/terminalsittingactivatora01\terminalsittingactivatora01.nif","RL048MedBayTerminal_Desktop"
0x0007EA4E,"LC139Terminal02","Computer","SetDressing\Terminals\TerminalActivatorA01\TerminalActivatorA01.nif","LC139Terminal_Desktop02"
0x0007FE62,"MS05_CorporateTerminal","Stroud-Eklund Corporate Computer","SetDressing\Terminals\TerminalSittingActivatorA01\TerminalSittingActivatorA01.nif","MS05_CorporateTerminal_Menu"
0x00085D46,"Kiosk_Info_New_Atlantis","New Atlantis Information","SetDressing\Kiosks\kioskgeninfo_terminal01a\KioskGenInfo_Terminal01A.nif","Info_Kiosk_New_Atlantis_Menu"
0x0008B94A,"LC127_TurretTerminal","Computer","SetDressing/Terminals/TerminalSittingActivatorH01/TerminalSittingActivatorH01.nif","DefaultBlankTerminal_Genesis"
0x0008B957,"LC127_RobotTerminal","Computer","SetDressing\Terminals\TerminalActivatorA01\TerminalActivatorA01.nif","DefaultBlankTerminal_Genesis"
0x00094735,"CY_Mining_Director_Terminal","Mining Director's Computer - Deimos Staryards","SetDressing\terminals\consolekitterminal\ConsoleKit_TerminalBase01.nif","CY_Mining_Director_Terminal_Menu"
0x00095B9B,"MQ302EclipticTerminal_Excavation","Ecliptic Excavation Computer","SetDressing\Terminals\TerminalActivatorA01\TerminalActivatorA01.nif","MQ302EclipticMenu_Excavation"
0x0009B5CF,"MQ207C_Nishina01_II_SecurityOfficeTerminal","Security Office Computer","setdressing/terminals/terminalsittingactivatora01\terminalsittingactivatora01.nif","MQ207C_Nishina01_SecurityOfficeTerminalDesktop"
0x0009B5D0,"MQ207C_Nishina01_I_SecurityOfficeTerminal","Security Office Computer","setdressing/terminals/terminalsittingactivatora01\terminalsittingactivatora01.nif","MQ207C_Nishina01_SecurityOfficeTerminalDesktop"
0x0009B5FE,"MQ207C_Nishina02_I_AcceleratorControlRoomTerminal","Accelerator Control Room Computer","SetDressing\terminals\consolekitterminal\ConsoleKit_TerminalBase01.nif","MQ207C_Nishina02_AcceleratorControlRoomTerminalDesktop"
0x0009B608,"MQ207C_Nishina02_I_AcceleratorMainframeTerminal","Accelerator Mainframe Computer","SetDressing\terminals\consolekitterminal\ConsoleKit_TerminalBase01.nif","MQ207C_Nishina02_AcceleratorMainframeTerminalDesktop"
0x0009C324,"CF04_Computer_PurserMurata","Purser's Workstation","SetDressing\Terminals\TerminalActivatorA01\TerminalActivatorA01.nif","CF04_Computer_Purser_Menu"
0x000A25AF,"RL010_EngineersTerminal","Engineers Computer","SetDressing\Terminals\TerminalSittingActivatorA01\TerminalSittingActivatorA01.nif","RL010EngineerTerminal_Desktop"
0x000A25B5,"RL010_ArthurFactoryOfficeTerminal","Arthur O'Finn's Computer","SetDressing\Terminals\TerminalSittingActivatorA01\TerminalSittingActivatorA01.nif","RL010FactoryOfficeTerminal_Desktop"
0x000A25B8,"RL010_ElevatorControlsTerminal","Elevator Controls","SetDressing\terminals\consolekitterminal\ConsoleKit_TerminalBase01.nif","RL010ElevatorControlsTerminal_Desktop"
0x000A87A5,"LC043_SY02_EmployeeOfficeTerminal05","Logistics Supervisor's Computer","SetDressing\Terminals\TerminalSittingActivatorA01\TerminalSittingActivatorA01.nif","LC043_SY02_EmployeeOfficeTerminal05Menu"
0x000B0C9F,"SE_JM02_Terminal01","Captain Volpe's Log","SetDressing\Terminals\TerminalActivatorA01\TerminalActivatorA01.nif","SE_JM02_Terminal01_Genesis"
0x000B11CD,"MQ301EarthTerminal03","NASA Research Computer","SetDressing\Terminals\TerminalActivatorA01\TerminalActivatorA01.nif","MQ301EarthTerminal03MainMenu"
0x000B2652,"MS03_Terminal","Computer","SetDressing\Terminals\TerminalActivatorA01\TerminalActivatorA01.nif","MS03_TerminalMenu"
0x000B2C0A,"LC006_TerminalControl","Turret Control","SetDressing/Terminals/TerminalSittingActivatorH01/TerminalSittingActivatorH01.nif","DefaultBlankTerminal_Genesis"
0x000B79A1,"KioskTerminal_InfoNewAtlantis","New Atlantis Information","SetDressing\Kiosks\kioskgeninfo_terminal01a\KioskGenInfo_Terminal01A.nif","Info_Kiosk_New_Atlantis_Menu"
0x000CCC02,"UC01_KioskTerminal_Info_Narion","The Narion War","SetDressing\Kiosks\kioskgeninfo_terminal01a\KioskGenInfo_Terminal01A.nif","UC01_NarionWar_Terminal_MainMenu"
0x000D0D84,"KioskTerminal_Chunks","Chunks Kiosk","SetDressing\Terminals\TerminalActivatorA01\TerminalActivatorA01.nif","KioskTerminalMenu_Chunks"
0x000D0F43,"KioskTerminal_TerraBrew","TerraBrew Kiosk","SetDressing\Terrabrew\TB_Dress_Kiosk01.nif","KioskTerminalMenu_Terrabrew"
0x000DD319,"LC132TurretsTerminalDUPLICATE000","Computer","setdressing/terminals/terminalsittingactivatora01\terminalsittingactivatora01.nif","DefaultBlankTerminal_Genesis"
0x000E9975,"RL005_LMTerminalSitting","Ian Muybridge's Computer","SetDressing\Terminals\TerminalSittingActivatorA01\TerminalSittingActivatorA01.nif","RL005_LMTerminalDesktop"
0x000E9977,"RL005_DMTerminalSitting","Yara Muybridge's Computer","SetDressing\Terminals\TerminalSittingActivatorA01\TerminalSittingActivatorA01.nif","RL005_DMTerminalDesktop"
0x000E9CA8,"SQ_PlanetTraitTerminal_Console_Standing","Planet Data Console","SetDressing\terminals\consolekitterminal\ConsoleKit_TerminalBase01.nif","SQ_PlanetTraitTerminalMenu"
0x000EF3E3,"SE_SD07_Terminal_New","Computer","SetDressing\Terminals\TerminalSittingActivatorA01\TerminalSittingActivatorA01.nif","SE_SD07_Terminal_Menu"
0x000F0F98,"CFKey_JasmineTerminal","Jasmine's Computer","setdressing/terminals/terminalsittingactivatora01\terminalsittingactivatora01.nif","CF_JasmineTerminal_Desktop"
0x000F1159,"LC043_SY03_ControlTerminal","Flight Control Computer","SetDressing\terminals\consolekitterminal\ConsoleKit_TerminalBase01.nif","LC043_SY03_ControlTerminalMenu"
0x000F115F,"LC043_SY03_LabTerminalVogelBackOffice","Engineering Lab Terminal","SetDressing\terminals\consolekitterminal\ConsoleKit_TerminalBase01.nif","LC043_SY03_LabTerminalVogelMenu_ComSpikeSubterminal"
0x000F1163,"LC043_SY03_SecurityTerminal","Security Computer","SetDressing\terminals\consolekitterminal\ConsoleKit_TerminalBase01.nif","DefaultBlankTerminal_Genesis"
0x000F30E3,"LC123_RobotTerminal","Computer","SetDressing\terminals\consolekitterminal\ConsoleKit_TerminalBase01.nif","DefaultBlankTerminal_Genesis"
0x000F4B9F,"LC043_SY03_LabTerminal06","Engineering Lab Computer","SetDressing\Terminals\TerminalSittingActivatorA01\TerminalSittingActivatorA01.nif","LC043_SY03_LabTerminal06Menu"
0x000F4BA0,"LC043_SY02_EmployeeOfficeTerminal04","Logistics Office Computer","SetDressing\Terminals\TerminalSittingActivatorA01\TerminalSittingActivatorA01.nif","LC043_SY02_EmployeeOfficeTerminal04Menu"
0x000F4BA1,"LC043_SY03_LabTerminal05","Engineering Lab Computer","SetDressing\Terminals\TerminalSittingActivatorA01\TerminalSittingActivatorA01.nif","LC043_SY03_LabTerminal05Menu"
0x000F8F82,"KioskTerminal_Generdyne","Customer Service Computer","SetDressing\Kiosks\kioskgeninfo_terminal01a\KioskGenInfo_Terminal01A.nif","CF06_CustomerServiceComputer_Desktop"
0x000FAD93,"LC043_SY02_EmployeeOfficeTerminal03","Logistics Office Computer","SetDressing\Terminals\TerminalSittingActivatorA01\TerminalSittingActivatorA01.nif","LC043_SY02_EmployeeOfficeTerminal03Menu"
0x000FB768,"LC043_SY02_EmployeeOfficeTerminal02","Logistics Office Computer","SetDressing\Terminals\TerminalSittingActivatorA01\TerminalSittingActivatorA01.nif","LC043_SY02_EmployeeOfficeTerminal02Menu"
0x000FB76C,"LC043_SY02_EmployeeOfficeTerminal01","Logistics Office Computer","SetDressing\Terminals\TerminalSittingActivatorA01\TerminalSittingActivatorA01.nif","LC043_SY02_EmployeeOfficeTerminal01Menu"
0x000FE1F6,"MQ207C_Nishina02_I_FacilitiesTerminal","Facilities Computer","setdressing/terminals/terminalsittingactivatora01\terminalsittingactivatora01.nif","MQ207C_Nishina02_FacilitiesTerminalDesktop"
0x000FF7BE,"LC043_SY01_CargoBayTerminal","Cargo Bay Computer","SetDressing\Terminals\TerminalSittingActivatorA01\TerminalSittingActivatorA01.nif","LC043_SY01_CargoBayTerminalMenu"
0x000FFAD4,"Terminal_Standing01","Computer","SetDressing\Terminals\TerminalActivatorA01\TerminalActivatorA01.nif","DefaultBlankTerminal_Genesis"
0x00100970,"NA_VaruunEmbassy_LobbyComputer","Lobby Security Computer","setdressing/terminals/terminalsittingactivatora01\terminalsittingactivatora01.nif","DefaultBlankTerminal_Genesis"
0x00100971,"NA_VaruunEmbassy_CommonRoomComputer","Common Room Security Computer","SetDressing\Terminals\TerminalActivatorA01\TerminalActivatorA01.nif","DefaultBlankTerminal_Genesis"
0x00100972,"NA_VaruunEmbassy_ConferenceRoomComputer","Conference Room Security Computer","SetDressing\Terminals\TerminalActivatorA01\TerminalActivatorA01.nif","DefaultBlankTerminal_Genesis"
0x00100973,"NA_VaruunEmbassy_LivingQuartersComputer","Living Quarters Local Systems Computer","SetDressing\Terminals\TerminalActivatorA01\TerminalActivatorA01.nif","DefaultBlankTerminal_Genesis"
0x00116EAB,"RI06_SeanTerminal","Patient Records","SetDressing\Terminals\TerminalActivatorA01\TerminalActivatorA01.nif","RI06_Sean_KaiLogs_Menu"
0x00121EFB,"LC044_Ularu_Terminal","Ularu's Computer","SetDressing\Terminals\TerminalSittingActivatorA01\TerminalSittingActivatorA01.nif","LC044_Ularu_Desktop"
0x00122681,"BQ01_ErvinMadaniComputer","Ervin Madani's Computer","setdressing/terminals/terminalsittingactivatora01\terminalsittingactivatora01.nif","BQ01_TerminalMenu_Mine_Ervin__Main"
0x00122682,"BQ01_HelgiLabTerminal","Helgi Hauksson's Computer","SetDressing\Terminals\TerminalActivatorA01\TerminalActivatorA01.nif","BQ01_TerminalMenu_Mine_Helgi__Main"
0x0012EBE6,"SE_SD08_Terminal","Computer","SetDressing/Terminals/TerminalSittingActivatorH01/TerminalSittingActivatorH01.nif","SE_SD08_Terminal_Menu"
0x00133443,"Crucible_FDR_TerminalDUPLICATE000","Roosevelt's Computer","SetDressing\Terminals\TerminalSittingActivatorA01\TerminalSittingActivatorA01.nif","Crucible_FDR_Terminal_Genesis"
0x0013A1EB,"DR019_RobotComputer","Captain's Computer","SetDressing\Terminals\TerminalActivatorA01\TerminalActivatorA01.nif","DR019_RobotTerminal"
0x0013A218,"DR019_CaptainComputer","Captain's Computer","SetDressing\Terminals\TerminalActivatorA01\TerminalActivatorA01.nif","DR019_CaptainTerminal"
0x0013C8BC,"RL029_Terminal_02_ConsoleStanding_UsePackin","Computer","SetDressing\terminals\consolekitterminal\ConsoleKit_TerminalBase01.nif","RL029_LabExperimentsTerminal_Desktop_02"
0x0013D6F9,"City_NA_Well_Terminal","Diagnostic Terminal","SetDressing\Terminals\TerminalActivatorA01\TerminalActivatorA01.nif","NA_Terminal_SSNN_Genesis"
0x001434F3,"MS04_SecurityComputer","Security Computer","SetDressing\Terminals\TerminalActivatorA01\TerminalActivatorA01.nif","MS04_SecurityComputer_Menu"
0x001434F4,"MS04_DorianeComputer","Doriane's Computer","SetDressing\Terminals\TerminalSittingActivatorA01\TerminalSittingActivatorA01.nif","MS04_DorianeComputer_Menu"
0x00144247,"RL029_Terminal_01","Computer","SetDressing\Terminals\TerminalActivatorA01\TerminalActivatorA01.nif","RL029_LabExperimentsTerminal_Desktop_01"
0x00151492,"LC030_Lock_WardensOfficeComputer","Warden Gillespie's Workstation","setdressing/terminals/terminalsittingactivatora01\terminalsittingactivatora01.nif","LC030_Lock_WardensOfficeComputer_Desktop"
0x0015519D,"LC180_IntroTerminalDUPLICATE000","Computer","setdressing/terminals/terminalsittingactivatora01\terminalsittingactivatora01.nif","LC180_IntroTerminal_Desktop"
0x00155D2B,"BQ01_Terminal_Security","Security Terminal","SetDressing\Terminals\TerminalActivatorA01\TerminalActivatorA01.nif","BQ01_TerminalMenu_Gagarin_Security"
0x001561E9,"RI07_AelysComputer","Aelys' Computer","SetDressing\Terminals\TerminalSittingActivatorA01\TerminalSittingActivatorA01.nif","RI07_Aelys_Desktop"
0x0015DF40,"RI07_MaintenanceTerminal","Maintenance Systems","SetDressing\Terminals\TerminalActivatorA01\TerminalActivatorA01.nif","RI07_MaintenanceSystems_Desktop"
0x0016034A,"LC008_SlaytonOfficeTerminal_OLD","Security System Control","SetDressing\Terminals\TerminalActivatorA01\TerminalActivatorA01.nif","LC008_SlaytonOfficeTerminal_Desktop"
0x0016176A,"UC_RHQ_HadrianTerminal","Personal Computer: Hadrian Sanon","SetDressing\Terminals\TerminalActivatorA01\TerminalActivatorA01.nif","UC_RHQ_Hadrian_TerminalMenu"
0x00172F30,"FC06_RangersTerminal","Freestar Rangers Terminal","SetDressing\Terminals\TerminalActivatorA01\TerminalActivatorA01.nif","FC06_RangersTerminalMenu"
0x00179DC8,"DR033Terminal","Manager's Computer","SetDressing\Terminals\TerminalActivatorA01\TerminalActivatorA01.nif","DR033Terminal_Desktop"
0x0017A701,"BQ01_Terminal_Foundry","Foundry Terminals","SetDressing\Terminals\TerminalActivatorA01\TerminalActivatorA01.nif","BQ01_TerminalMenu_Foundry_Account__Main_ViewAll"
0x0017BE4C,"BQ01_Terminal_ErvinApartment","Ervin's Terminal","SetDressing\Terminals\TerminalActivatorA01\TerminalActivatorA01.nif","BQ01_TerminalMenu_ErvinApartment__Main"
0x0017BE4D,"BQ01_Terminal_TownHall","Town Hall Terminal","SetDressing\Terminals\TerminalActivatorA01\TerminalActivatorA01.nif","BQ01_TerminalMenu_TownHall__Main"
0x0017BE4E,"BQ01_Unused","Hephaestus Mining Company Terminal","SetDressing\Terminals\TerminalActivatorA01\TerminalActivatorA01.nif","BQ01_TerminalMenu_Mine_Office__Main"
0x0017C030,"SQ_ClearBountyTerminal","Self-Service Bounty Clearance","setdressing/mission_board_terminals\mission_board_terminals_gen.nif","SQ_ClearBountyTerminalMenu_Deskop"
0x0017C051,"LC180_MasterControlTerminal","Control System","SetDressing\terminals\consolekitterminal\ConsoleKit_TerminalBase01.nif","LC180_MasterControlTerminal_Desktop"
0x0017C05B,"RL082TerminalStorageDUPLICATE000","Conveyor System Control","SetDressing\terminals\consolekitterminal\ConsoleKit_TerminalBase01.nif","RL082TerminalStorage_Desktop"
0x001805A9,"DR027_Operations_Terminal","Operations Security Computer","SetDressing\Terminals\TerminalActivatorA01\TerminalActivatorA01.nif","DefaultBlankTerminal_Genesis"
0x00181B01,"RL048MainFrameTerminal","Mainframe","SetDressing\Terminals\TerminalActivatorA01\TerminalActivatorA01.nif","RL048MainFrameTerminal_Desktop"
0x00181B05,"RL048WorshopTerminal","Workshop Computer","SetDressing\Terminals\TerminalActivatorA01\TerminalActivatorA01.nif","RL048WorshopTerminal_Desktop"
0x00181B06,"RL048AmosSTerminal","Computer","SetDressing\Terminals\TerminalActivatorA01\TerminalActivatorA01.nif","RL048AmosSTerminal_Desktop"
0x00181B07,"RL048LifeSupportTerminal","Life Support","SetDressing\Terminals\TerminalActivatorA01\TerminalActivatorA01.nif","RL048LifeSupportTerminal_Desktop"
0x00181B08,"RL048LabTerminal","Computer","SetDressing\Terminals\TerminalActivatorA01\TerminalActivatorA01.nif","RL048LabTerminal_Desktop"
0x0018279C,"CF06_ReceptionistComputer","Receptionist's Computer","SetDressing\Terminals\TerminalActivatorA01\TerminalActivatorA01.nif","CF06_ReceptionistComputer_Desktop"
0x00183A7E,"LC175_RE939_SecurityTerminal","Security Computer","SetDressing\Terminals\TerminalActivatorA01\TerminalActivatorA01.nif","LC175_RE939_SecurityTerminal01"
0x001848DA,"SE_SD10_Terminal_01","Maintenance Computer","SetDressing\Terminals\TerminalActivatorA01\TerminalActivatorA01.nif","SE_SD10_Terminal_Menu"
0x00184949,"SE_SD10_Terminal_02","Crew Log","SetDressing\terminals\consolekitterminal\ConsoleKit_TerminalBase01.nif","SE_SD10_Terminal02_Menu"
0x0018A522,"RL089TurretsTerminal","Turrets Control","SetDressing\Terminals\TerminalActivatorA01\TerminalActivatorA01.nif","RL089TurretsTerminal_Desktop"
0x0018B552,"RI07_TestRoomTerminal","Secure Door Control","SetDressing\Terminals\TerminalActivatorA01\TerminalActivatorA01.nif","DefaultBlankTerminal_Genesis"
0x0018B602,"RI07_FayeTerminal","Faye's Computer","SetDressing\Terminals\TerminalActivatorA01\TerminalActivatorA01.nif","RI07_Faye_Desktop"
0x0018B603,"RI07_LucasTerminal","Lucas' Computer","SetDressing\Terminals\TerminalActivatorA01\TerminalActivatorA01.nif","RI07_Lucas_Desktop"
0x00191E8F,"CF04_Computer_DumbroskyCabin","Passenger: Dumbrosky, Larry","SetDressing\Terminals\TerminalActivatorA01\TerminalActivatorA01.nif","CF04_Computer_DumbroskyCabinMenu"
0x00191E90,"CF04_Computer_SwistCabin","Passenger: Swist, Klaudia","SetDressing\Terminals\TerminalActivatorA01\TerminalActivatorA01.nif","CF04_Computer_SwistCabinMenu"
0x00191E91,"CF04_Computer_VeraCabin","Passenger: Vera, Gabriel","SetDressing\Terminals\TerminalActivatorA01\TerminalActivatorA01.nif","CF04_Computer_VeraCabinMenu"
0x00191E93,"CF04_Computer_SheilaCabin","Passenger: Holbrooke, Sheila","SetDressing\Terminals\TerminalActivatorA01\TerminalActivatorA01.nif","CF04_Computer_SheilaCabinMenu"
0x001941DA,"MQ206B_Terminal","Pilgrim's Computer","SetDressing\Terminals\TerminalActivatorA01\TerminalActivatorA01.nif","MQ206B_TerminalKiosk"
0x001963B2,"LC043_SY02_ClearanceCodeTerminal","Clearance Code Computer","SetDressing\terminals\consolekitterminal\ConsoleKit_TerminalBase01.nif","LC043_SY02_ClearanceCodeTerminalMenu"
0x001985E0,"LC043_SY02_CommandersTerminal","Commander's Computer","SetDressing\terminals\consolekitterminal\ConsoleKit_TerminalBase01.nif","LC043_SY02_CommandersTerminalMenu"
0x0019B05D,"BQ01_Terminal_LawyerOffice","Yankton Legal Offices","SetDressing\Terminals\TerminalActivatorA01\TerminalActivatorA01.nif","BQ01_TerminalMenu_EllieYankton_Main"
0x0019E0FE,"SE_JM02_CookTerminal","Ship's Cook Moore's Computer","setdressing/terminals/terminalsittingactivatora01\terminalsittingactivatora01.nif","SE_JM02_Terminal02_Genesis"
0x0019F266,"TerminalSittingActivatorA01_Desk","Computer","SetDressing\Terminals\TerminalSittingActivatorA01\TerminalSittingActivatorA01.nif",""
0x001A950D,"RI06_CMStationTerminal","CM Station RC-1 Computer","SetDressing\terminals\consolekitterminal\ConsoleKit_TerminalBase01.nif","RI06_CMStation_Desktop"
0x001AB1EF,"UC01_TualaTerminal","User: John Tuala","setdressing/terminals/terminalsittingactivatora01\terminalsittingactivatora01.nif","UC01_TualaTerminalMenu"
0x001AB25E,"DR029_SupervisorTerminal","Computer","SetDressing\Terminals\TerminalSittingActivatorA01\TerminalSittingActivatorA01.nif","DR029_SupervisorTerminal_Genesis"
0x001AC55D,"CF_TheKey_DepotTerminal","Depot Computer","setdressing/terminals/terminalsittingactivatora01\terminalsittingactivatora01.nif","CFKey_PublicAccessTerminalDesktop"
0x001AE41B,"DefaultBlankKioskTerminal","Computer","SetDressing\Kiosks\kioskgeninfo_terminal01a\KioskGenInfo_Terminal01A.nif","DefaultBlankTerminal_Kiosk"
0x001B1470,"LC082_BrigTerminal","Brig Computer","setdressing/terminals/terminalsittingactivatora01\terminalsittingactivatora01.nif","LC082_BrigTerminal_Desktop"
0x001B2419,"RI03_Stanley_MainTerminal","Stanley's Computer","SetDressing\Terminals\TerminalSittingActivatorA01\TerminalSittingActivatorA01.nif","RI03_Stanley_MainTerminal_Genesis"
0x001B2B0B,"MQ201B_Computer","Computer","SetDressing\Terminals\TerminalActivatorA01\TerminalActivatorA01.nif","MQ201B_ComputerMenu"
0x001B6374,"UC08_ScannerTerminal","FB 441 :: Communications Array","SetDressing\Terminals\TerminalActivatorA01\TerminalActivatorA01.nif","UC08_Scanner_TerminalMenu"
0x001B8330,"Crucible_Amanirenas_Terminal","Amanirenas' Computer","SetDressing\Terminals\TerminalActivatorA01\TerminalActivatorA01.nif","Crucible_Amanirenas_TerminalMenu"
0x001B842B,"Crucible_Genghis_Terminal","Genghis Khan's Computer","SetDressing\Terminals\TerminalActivatorA01\TerminalActivatorA01.nif","Crucible_Genghis_TerminalMenu"
0x001BB7CC,"RL037Terminal_OLD","Computer","SetDressing\Terminals\TerminalActivatorA01\TerminalActivatorA01.nif","RL037ProductReviewTerminal_Desktop"
0x001C68F8,"PD_ConciergeTerminal","Concierge Computer","SetDressing\Terminals\TerminalSittingActivatorA01\TerminalSittingActivatorA01.nif","PD_ConciergeTerminal_Menu"
0x001CF83F,"LocStorySettlementOfficeTerminalMarker","Computer","SetDressing\Terminals\TerminalActivatorA01\TerminalActivatorA01.nif","LocStorySettlementOfficeTerminal_Desktop"
0x001D3261,"LC030_Lock_EventSupervisorComputer","Event Supervisor's Workstation","SetDressing\terminals\consolekitterminal\ConsoleKit_TerminalBase01.nif","LC030_Lock_EventSupervisorComputer_Desktop"
0x001D4A12,"ECS_MausoleumTerminal","Mausoleum Records","SetDressing\Terminals\TerminalSittingActivatorA01\TerminalSittingActivatorA01.nif","ECS_MausoleumTerminal_Menu"
0x001D5AFA,"RL067_ScientistComputer01","Computer","SetDressing\Terminals\TerminalActivatorA01\TerminalActivatorA01.nif","RL067_ScientistComputer01_Menu"
0x001D5C5B,"LC082_CargoBayTerminal","Cargo Bay Computer","SetDressing\terminals\consolekitterminal\ConsoleKit_TerminalBase01.nif","LC082_CargoBayTerminal_Desktop"
0x001D63A9,"SQ_PlanetTraitTerminal","Planet Data Console","SetDressing\Terminals\TerminalActivatorA01\TerminalActivatorA01.nif","SQ_PlanetTraitTerminalMenu"
0x001EA8AA,"LC107_VaultDoorComputer","Vault Door Computer","SetDressing\Terminals\TerminalActivatorA01\TerminalActivatorA01.nif","LC107_VaultDoorComputer_Desktop"
0x001EF290,"MQ207C_Nishina02_I_RoboticsLabTerminal","Robotics Lab Computer","SetDressing\terminals\consolekitterminal\ConsoleKit_TerminalBase01.nif","MQ207C_Nishina02_RoboticsLabTerminalDesktop"
0x001F4290,"UC07_Ecliptic_OutpostTerminal","Local Systems","SetDressing\Terminals\TerminalActivatorA01\TerminalActivatorA01.nif","UC07_EclipticOutpost_TerminalMenu"
0x001F790B,"CF06_CTComputer","Chief Technician's Computer","SetDressing\Terminals\TerminalActivatorA01\TerminalActivatorA01.nif","CF06_BreysonComputer_Desktop"
0x001F7910,"CF06_PlansComputer","Power Core Computer","SetDressing\terminals\consolekitterminal\ConsoleKit_TerminalBase01.nif","CF06_GenerdynePlansComputer_Desktop"
0x001FB553,"CFKey_DelgadosTerminal","Delgado's Computer","SetDressing\terminals\consolekitterminal\ConsoleKit_TerminalBase01.nif","CFKey_DelgadosTerminalMenu"
0x001FB558,"CFKey_LastNovaTerminal","Last Nova Bar Computer","SetDressing/Terminals/TerminalSittingActivatorA01/TerminalSittingActivatorB01.nif","CFKey_LastNovaTerminalMenu"
0x001FB788,"LC044_Dalton_Terminal","Dalton's Computer","SetDressing\Terminals\TerminalActivatorA01\TerminalActivatorA01.nif","LC044_Dalton_Desktop"
0x00203BAE,"CY_ReneeShelbyTerminal","Renee's Journal","setdressing/terminals/terminalsittingactivatora01\terminalsittingactivatora01.nif","CY_ReneeShelbyTerminal_Menu"
0x00203BB3,"CY_MinerTerminal","Miner Computer","SetDressing\Terminals\TerminalActivatorA01\TerminalActivatorA01.nif","CY_MinerTerminal_Menu"
0x00203BB8,"CY_GlenHurst_CondoTerminal","Governor Hurst's Computer","SetDressing\Terminals\TerminalSittingActivatorA01\TerminalSittingActivatorA01.nif","CY_GlenHurst_CondoTerminal_Menu"
0x0020C61F,"RL032_ConstructionCrewTerminal01","Construction Crew Computer","SetDressing\Terminals\TerminalActivatorA01\TerminalActivatorA01.nif","RL032_ConstructionCrewTerminal01_Genesis"
0x0020C620,"RL032_CargoPodTerminal","Cargo Pod Panel","SetDressing\Terminals\TerminalActivatorA01\TerminalActivatorA01.nif","RL032_CargoPodTerminal_Genesis"
0x00212A47,"City_Akila_BarracksTerminal","Akila City Security Database","SetDressing\Terminals\TerminalActivatorA01\TerminalActivatorA01.nif","City_Akila_SecurityTerminalMenu"
0x00214960,"DebugDefaultScripts_TerminalinCollectionAlias","Terminal in Collection Alias","SetDressing\Terminals\TerminalActivatorA01\TerminalActivatorA01.nif","DebugDefaultScripts_TerminalMenu01"
0x00214963,"DebugDefaultScripts_Terminal","Computer","SetDressing\Terminals\TerminalActivatorA01\TerminalActivatorA01.nif","DebugDefaultScripts_TerminalMenu01"
0x0021925E,"LC008MQ105ElevatorTerminal","Elevator Maintenance Control","SetDressing\Terminals\TerminalActivatorA01\TerminalActivatorA01.nif","LC008MQ105ElevatorDesktopMenu"
0x0021C760,"MQ301EarthTerminal02","NASA Research Computer","SetDressing\Terminals\TerminalSittingActivatorA01\TerminalSittingActivatorA01.nif","MQ301EarthTerminal02MainMenu"
0x0021CE29,"MQ301EarthTerminal01","NASA Research Computer","SetDressing\Terminals\TerminalSittingActivatorA01\TerminalSittingActivatorA01.nif","MQ301EarthTerminal01MainMenu"
0x0021D5E9,"MQ301MoonTerminal","Nova Galactic Research","SetDressing\Terminals\TerminalActivatorA01\TerminalActivatorA01.nif","MQ301MoonBaseTerminalMenu"
0x00220861,"MQ207C_Nishina02_I_StorageTerminal","Storage Room Computer","SetDressing\terminals\consolekitterminal\ConsoleKit_TerminalBase01.nif","MQ207C_Nishina02_StorageTerminalDesktop"
0x00220862,"MQ207C_Nishina02_I_StorageSecurityTerminal","Storage Room Security Computer","SetDressing\terminals\consolekitterminal\ConsoleKit_TerminalBase01.nif","DefaultBlankTerminal_Genesis"
0x00224AF3,"RL088Terminal","Computer","SetDressing\Terminals\TerminalActivatorA01\TerminalActivatorA01.nif","RL088Terminal_Desktop"
0x002252CC,"LC044_Imogene_Terminal","Imogene's Computer","setdressing/terminals/terminalsittingactivatora01\terminalsittingactivatora01.nif","LC044_Imogene_Desktop"
0x002255B3,"TheRock_BlakeTerminalFurniture","Blake's Computer","setdressing/terminals/terminalsittingactivatora01\terminalsittingactivatora01.nif","TheRock_BlakeMainTerminalMenu"
0x00226587,"OutpostTerminal","Computer","SetDressing\Terminals\TerminalActivatorA01\TerminalActivatorA01.nif","DefaultBlankTerminal_Genesis"
0x00226AEC,"REOverlayTerminal","Computer","SetDressing\Terminals\TerminalActivatorA01\TerminalActivatorA01.nif","DefaultBlankTerminal_Genesis"
0x0022769B,"DR033TerminalJackpot","Jackpot Backend","SetDressing\Terminals\TerminalActivatorA01\TerminalActivatorA01.nif","DR033TerminalJackpotIntro_Desktop"
0x002288FD,"DefaultBlankComputer_ConsoleStanding_UsePackin","Computer","SetDressing\terminals\consolekitterminal\ConsoleKit_TerminalBase01.nif","DefaultBlankTerminal_Genesis"
0x002312B9,"LC044_Camden_Terminal","Camden's Computer","setdressing/terminals/terminalsittingactivatora01\terminalsittingactivatora01.nif","LC044_Camden_Desktop"
0x0023591A,"City_CY_RedTape02_PeterTerminal","Peter Brennan's Computer","setdressing/terminals/terminalsittingactivatora01\terminalsittingactivatora01.nif","City_CY_RedTape02_PeterTerminal_Genesis"
0x00235B83,"Neon_Chem02_XenofreshJobTerminal","Job Application Computer","SetDressing\Terminals\TerminalActivatorA01\TerminalActivatorA01.nif","Neon_Chem02_XenofreshJobTerminal_Genesis"
0x002363A8,"CF04_Computer_GalBankArchives","GalBank Archives","SetDressing\Terminals\TerminalActivatorA01\TerminalActivatorA01.nif","CF04_Computer_GalbankArchives_Menu"
0x002363AF,"CF04_Computer_LifeSupport","Environmental Control Computer","SetDressing\terminals\consolekitterminal\ConsoleKit_TerminalBase01.nif","CF04_Computer_LifeSupport_Menu"
0x0023B025,"LC073_CaptainTerminal","Computer","SetDressing\Terminals\TerminalActivatorA01\TerminalActivatorA01.nif","LC073_CaptainTerminal_Genesis"
0x0023C979,"RemoteSecurityDoorComputer","Remote Security Door Computer","SetDressing\Terminals\TerminalActivatorA01\TerminalActivatorA01.nif","DefaultBlankTerminal_Genesis"
0x0023C97A,"RemoteRobotControlComputer","Remote Robot Control Computer","SetDressing\Terminals\TerminalActivatorA01\TerminalActivatorA01.nif","DefaultBlankTerminal_Genesis"
0x0023C97C,"RemoteRobotControlComputer_ConsoleStanding_UsePackin","Remote Robot Control Computer","SetDressing\terminals\consolekitterminal\ConsoleKit_TerminalBase01.nif","DefaultBlankTerminal_Genesis"
0x0024428D,"DR018_DoorTerminal","Computer","SetDressing\Terminals\TerminalSittingActivatorA01\TerminalSittingActivatorA01.nif","DR018DoorTerminal_Desktop"
0x002458FE,"MS02_FacilityElmerTerminal","Elmer's Computer","SetDressing\Terminals\TerminalActivatorA01\TerminalActivatorA01.nif","MS02_FacilityElmerTerminal_Genesis"
0x002458FF,"MS02_FacilityFallonTerminal","Doctor Fallon's Computer","SetDressing\Terminals\TerminalActivatorA01\TerminalActivatorA01.nif","MS02_FacilityFallonTerminal_Genesis"
0x00245900,"MS02_FacilityChiangTerminal","Doctor Chiang's Computer","SetDressing\Terminals\TerminalActivatorA01\TerminalActivatorA01.nif","MS02_FacilityChiangTerminal_Genesis"
0x00246CAB,"City_NA_Well02_Terminal","Unauthorized Computer","SetDressing\Terminals\TerminalSittingActivatorA01\TerminalSittingActivatorA01.nif","City_NA_Well02_Terminal_Genesis"
0x002480EC,"DefaultBlankComputer_BarSitting_UsePackin","Computer","SetDressing/Terminals/TerminalSittingActivatorA01/TerminalSittingActivatorB01.nif","DefaultBlankTerminal_Genesis"
0x002491C8,"MS02_BeagleSecondDoctorTerminal","Doctor Zhao's Computer","SetDressing\Terminals\TerminalActivatorA01\TerminalActivatorA01.nif","MS02_BeagleSecondDoctorTerminal_Genesis"
0x002491CC,"MS02_BeagleFirstDoctorTerminal","Doctor Amani's Computer","SetDressing\Terminals\TerminalActivatorA01\TerminalActivatorA01.nif","MS02_BeagleFirstDoctorTerminal_Genesis"
0x002491CE,"MS02_FacilityDoorTerminal","Facility Restricted Wing Computer","SetDressing\Terminals\TerminalActivatorA01\TerminalActivatorA01.nif","MS02_FacilityDoorTerminal_Desktop"
0x0024AA0E,"KreetTerminal02_WynnProject","Computer","SetDressing\Terminals\TerminalActivatorA01\TerminalActivatorA01.nif","KreetTerminal02_WynnProject_Genesis"
0x0024AA0F,"KreetTerminal03_WynnProject","Hayden Wynn's Project Terminal","SetDressing\Terminals\TerminalActivatorA01\TerminalActivatorA01.nif","KreetTerminal03_WynnProject_Genesis"
0x0024AA10,"KreetTerminal04_WynnProject","Computer","SetDressing\Terminals\TerminalActivatorA01\TerminalActivatorA01.nif","KreetTerminal04_WynnProject_Genesis"
0x0024E375,"LC043_SY02_DataAccessTerminal","Data Access Computer","SetDressing\terminals\consolekitterminal\ConsoleKit_TerminalBase01.nif","LC043_SY02_DataAccessTerminalMenu"
0x0024F5A6,"DefaultBlankComputer_DeskStanding_UsePackin","Computer","setdressing/terminals/terminalsittingactivatora01\terminalsittingactivatora01.nif","DefaultBlankTerminal_Genesis"
0x0024F5AA,"DefaultBlankComputer_BarStanding_UsePackin","Computer","SetDressing/Terminals/TerminalSittingActivatorA01/TerminalSittingActivatorB01.nif","DefaultBlankTerminal_Genesis"
0x002508A0,"LocStorySettlementTerminalMarker","Computer","SetDressing\Terminals\TerminalActivatorA01\TerminalActivatorA01.nif","LocStorySettlementTerminal_Desktop"
0x00254304,"RL082TerminalZeroGEnter_OLD","Computer","SetDressing\Terminals\TerminalActivatorA01\TerminalActivatorA01.nif","RL082TerminalZeroGEnter_Genesis"
0x002543A2,"LC043_SY03_LabTerminalVogel","Dr. Vogel's Computer","SetDressing\Terminals\TerminalSittingActivatorA01\TerminalSittingActivatorA01.nif","LC043_SY03_LabTerminalVogelMenu"
0x002543A4,"LC043_SY03_LabTerminal03","Engineering Lab Computer","SetDressing\Terminals\TerminalSittingActivatorA01\TerminalSittingActivatorA01.nif","LC043_SY03_LabTerminal03Menu"
0x002543A5,"LC043_SY03_LabTerminal02","Engineering Lab Computer","SetDressing\Terminals\TerminalSittingActivatorA01\TerminalSittingActivatorA01.nif","LC043_SY03_LabTerminal02Menu"
0x002543A6,"LC043_SY03_LabTerminal01","Engineering Lab Computer","setdressing/terminals/terminalsittingactivatora01\terminalsittingactivatora01.nif","LC043_SY03_LabTerminal01Menu"
0x002543A8,"LC043_SY02_RecordsOfficeTerminal","Records Office Computer","SetDressing\Terminals\TerminalSittingActivatorA01\TerminalSittingActivatorA01.nif","LC043_SY02_RecordsOfficeTerminalMenu"
0x00254476,"LC043_SY01_CrewTerminal03","Crew Quarters Computer","SetDressing\Terminals\TerminalSittingActivatorA01\TerminalSittingActivatorA01.nif","LC043_SY01_CrewTerminal01Menu"
0x00254477,"LC043_SY01_CrewTerminal02","Crew Quarters Computer","SetDressing\Terminals\TerminalSittingActivatorA01\TerminalSittingActivatorA01.nif","LC043_SY01_CrewTerminal03Menu"
0x00254478,"LC043_SY01_CrewTerminal01","Crew Quarters Computer","SetDressing\Terminals\TerminalSittingActivatorA01\TerminalSittingActivatorA01.nif","LC043_SY01_CrewTerminal02Menu"
0x00255817,"DefaultBlankComputer","Computer","SetDressing\Terminals\TerminalActivatorA01\TerminalActivatorA01.nif","DefaultBlankTerminal_Genesis"
0x002584AD,"MS06_CaptainsTerminal","Captain's Bridge Computer","SetDressing\terminals\consolekitterminal\ConsoleKit_TerminalBase01.nif","MS06_CaptainsTerminal_Desktop"
0x002584B7,"MS06_EngineeringTerminalGamma","Engineering Control Computer Gamma","SetDressing\Terminals\TerminalActivatorA01\TerminalActivatorA01.nif","MS06_EngineeringTerminalGamma_Desktop"
0x002584B8,"MS06_EngineeringTerminalBeta","Engineering Control Computer Beta","SetDressing\Terminals\TerminalActivatorA01\TerminalActivatorA01.nif","MS06_EngineeringTerminalBeta_Desktop"
0x002584B9,"MS06_EngineeringTerminalAlpha","Engineering Control Computer Alpha","SetDressing\Terminals\TerminalActivatorA01\TerminalActivatorA01.nif","MS06_EngineeringTerminalAlpha_Desktop"
0x002584BA,"MS06_ReactorTerminal","Reactor Computer","SetDressing\Terminals\TerminalActivatorA01\TerminalActivatorA01.nif","MS06_ReactorTerminal_Desktop"
0x0025A764,"MQ207C_Nishina02_I_ResearchLabTerminal","Research Lab Computer","SetDressing\terminals\consolekitterminal\ConsoleKit_TerminalBase01.nif","DefaultBlankTerminal_Genesis"
0x0025A768,"MQ207C_Nishina02_I_LabControlTerminal","Lab Control Computer","SetDressing\terminals\consolekitterminal\ConsoleKit_TerminalBase01.nif","MQ207C_Nishina02_LabControlTerminalDesktop"
0x0025A76C,"MQ207C_Nishina02_I_LabSecurityTerminal","Lab Security Computer","SetDressing\terminals\consolekitterminal\ConsoleKit_TerminalBase01.nif","DefaultBlankTerminal_Genesis"
0x0025A76E,"MQ207C_Nishina02_II_LabControlTerminal","Lab Control Computer","SetDressing\terminals\consolekitterminal\ConsoleKit_TerminalBase01.nif","MQ207C_Nishina02_LabControlTerminalDesktop"
0x0025C615,"LC082_DockingPortStatusTerminal_05","Docking Port Computer","SetDressing\Terminals\TerminalActivatorA01\TerminalActivatorA01.nif","LC082_DockingPortStatusTerminal_DockingPort05_Desktop"
0x0025C616,"LC082_DockingPortStatusTerminal_PlayersDockingPort","Docking Port Computer","SetDressing\Terminals\TerminalActivatorA01\TerminalActivatorA01.nif","LC082_DockingPortStatusTerminal_PlayersDockingPort_Desktop"
0x0025CDAE,"UC03_DeepMines_ThresherTerminal","Spectrometer System","SetDressing\Terminals\TerminalActivatorA01\TerminalActivatorA01.nif","UC03_DeepMines_ThresherTerminal_Genesis"
0x0025CDD2,"UC03_TradeAuthority_AccountsTerminal","Accounts Computer","SetDressing\Terminals\TerminalActivatorA01\TerminalActivatorA01.nif","UC03_TradeAuthority_AccountsTerminal_MainMenu"
0x0025DB90,"LC180_WarningTerminal","Computer","SetDressing\Terminals\TerminalActivatorA01\TerminalActivatorA01.nif","LC180_WarningTerminal_Desktop"
0x0025E05B,"NA_Terminal_SSNN","SSNN Access","SetDressing\Terminals\TerminalActivatorA01\TerminalActivatorA01.nif","NA_Terminal_SSNN_Genesis"
0x0025EAD6,"LocStoryMysteryTerminalMarker","Terminal","SetDressing\Terminals\TerminalActivatorA01\TerminalActivatorA01.nif","LocStoryMysteryTerminalMenu01"
0x0025EF25,"SY_Trident_SalesTerminal","Trident Sales Computer","SetDressing\Terminals\TerminalActivatorA01\TerminalActivatorA01.nif","SY_Trident_SalesTerminal_Genesis"
0x0025EF9D,"SY_StroudEklund_SalesTerminal","Stroud-Eklund Sales Computer","SetDressing\Terminals\TerminalActivatorA01\TerminalActivatorA01.nif","SY_StroudEklund_SalesTerminal_Genesis"
0x0025EFA3,"SY_Deimos_SalesTerminal","Deimos Sales Computer","SetDressing\Kiosks\kioskgeninfo_terminal01a\KioskGenInfo_Terminal01A.nif","SY_Deimos_SalesTerminal_Genesis"
0x00260363,"RL039_ControlRoomTerminal","Drill Operations Panel","SetDressing\Terminals\TerminalActivatorA01\TerminalActivatorA01.nif","RL039_ControlRoomTerminal_Genesis"
0x00260364,"RL039_LockerTerminal","Rec Room Panel","SetDressing\Terminals\TerminalActivatorA01\TerminalActivatorA01.nif","RL039_LockerTerminal_Genesis"
0x00260A18,"SY_Taiyo_SalesTerminal","Taiyo Sales Computer","SetDressing\Kiosks\kioskgeninfo_terminal01a\KioskGenInfo_Terminal01A.nif","SY_Taiyo_SalesTerminal_Genesis"
0x00261A51,"City_NA_Botany02Terminal","Chief Engineer's Terminal","setdressing/terminals/terminalsittingactivatora01\terminalsittingactivatora01.nif","City_NA_Botany02_TerminalMenu_Main"
0x0026AFCE,"DR017_AdminTerminal","Computer","SetDressing\Terminals\TerminalActivatorA01\TerminalActivatorA01.nif","DR017_AdminTerminal_Desktop"
0x0026D993,"LC030_Lock_TransferAreaGuardStationComputer","Transfer Area Guard's Workstation","setdressing/terminals/terminalsittingactivatora01\terminalsittingactivatora01.nif","LC030_Lock_TransferAreaGuardStationComputer_Desktop"
0x0026D99A,"LC082_RoboticsTerminal02","Robotics Bay Computer","SetDressing\Terminals\TerminalActivatorA01\TerminalActivatorA01.nif","LC082_RoboticsTerminal_Desktop"
0x0026D99C,"LC030_Lock_VentilationRoomComputer","Maintenance Access Computer","SetDressing\terminals\consolekitterminal\ConsoleKit_TerminalBase01.nif","LC030_Lock_VentilationRoomComputer_Desktop"
0x0026D99F,"LC030_Lock_TransferAreaControlRoomComputer","Transfer Area Control Workstation","SetDressing\terminals\consolekitterminal\ConsoleKit_TerminalBase01.nif","LC030_Lock_TransferAreaControlRoomComputer_Desktop"
0x0026ED0B,"LC030_Lock_GuardPostComputer","D-Block Guard Post Workstation","SetDressing\terminals\consolekitterminal\ConsoleKit_TerminalBase01.nif","LC030_Lock_GuardPostComputer_Desktop"
0x0026ED0C,"LC030_Lock_IntakeComputer","Prisoner Intake Workstation","SetDressing\terminals\consolekitterminal\ConsoleKit_TerminalBase01.nif","LC030_Lock_IntakeComputer_Desktop"
0x0026FEC3,"LC012_DockControlTerminal","Docking Control","SetDressing\Terminals\TerminalActivatorA01\TerminalActivatorA01.nif","LC012_DockControlTerminal_Genesis"
0x0026FECB,"LC012_ZooControlTerminal","Zoo Control","SetDressing\Terminals\TerminalActivatorA01\TerminalActivatorA01.nif","LC012_ZooControlTerminal_Genesis"
0x0026FECC,"LC012_ServerRoomTerminal","Secure Cell Control","SetDressing\Terminals\TerminalActivatorA01\TerminalActivatorA01.nif","LC012_ServerRoomTerminal_Desktop"
0x0027076D,"LC044DRONETerminal","DRONE Demo","SetDressing\Terminals\TerminalActivatorA01\TerminalActivatorA01.nif","LC044DRONETerminal_Desktop"
0x00273397,"UC02_EvicersationOfficeTerminal","Tau Gourmet :: Evisceration (Admin)","SetDressing\Terminals\TerminalActivatorA01\TerminalActivatorA01.nif","UC02_EvicersationOfficeTerminal_Genesis"
0x002733CA,"COM_SMQ01_ShipTerminal","Escape Shuttle 03 Computer","SetDressing\Terminals\TerminalActivatorA01\TerminalActivatorA01.nif","COM_SMQ01_EscapeShuttle03Computer_Menu"
0x002789DE,"UC02_LivestockScannerTerminal_OLD","Tau Gourmet :: Livestock","SetDressing\Terminals\TerminalActivatorA01\TerminalActivatorA01.nif","UC02_LivestockScannerTerminal_MainMenu"
0x0027DEF0,"LC062OutpostTerminal","Tau Gourmet :: Common Quarters","SetDressing\Terminals\TerminalActivatorA01\TerminalActivatorA01.nif","LC062OutpostTerminal_Genesis"
0x0028205B,"LC139Terminal03","Research Manager's Computer","SetDressing\Terminals\TerminalActivatorA01\TerminalActivatorA01.nif","LC139Terminal_Desktop03"
0x0028346E,"LocStoryShipwreckTerminalMarker","","SetDressing\Terminals\TerminalActivatorA01\TerminalActivatorA01.nif","LocStoryShipwreckTerminalMenu01"
0x002835B4,"LocDungeonTerminalMarker","Computer","SetDressing\Terminals\TerminalActivatorA01\TerminalActivatorA01.nif","LocDungeonTerminalMarker_Genesis"
0x00288D28,"LC178_Terminal","Utility Room Computer","SetDressing\Terminals\TerminalActivatorA01\TerminalActivatorA01.nif","LC178_Terminal_Genesis"
0x0029553C,"MS02_BeagleDatacoreTerminal","Beagle Datacore","SetDressing\Terminals\TerminalActivatorA01\TerminalActivatorA01.nif","MS02_BeagleDatacoreTerminal_Desktop"
0x00299417,"OutpostShipbuilderTerminal","Ship Services Control Console","SetDressing\Outpost\OutpostMenuActivator01.nif","OutpostShipbuilderDesktop"
0x002ABC5C,"LC123MaintenanceTerminal","Maintenance Supervisor's Computer","SetDressing\Terminals\TerminalActivatorA01\TerminalActivatorA01.nif","LC123SupervisorTerminal_Desktop"
0x002B17CC,"UC02_SecurityHubTerminal","Tau Gourmet :: Security","SetDressing\Terminals\TerminalActivatorA01\TerminalActivatorA01.nif","UC02_SecurityHubTerminal_MainMenu"
0x002B69E7,"MQ104BSensorTerminal","Sensor Array","SetDressing\Terminals\TerminalActivatorA01\TerminalActivatorA01.nif","MQ104BSensorTerminal_Genesis"
0x002BA5C9,"UC01_TualaTerminal_OLD","User: John Tuala","SetDressing\Terminals\TerminalActivatorA01\TerminalActivatorA01.nif","UC01_TualaTerminalMenu"
0x002C2B6D,"RL072SupervisorTerminal","Supervisor's Computer","SetDressing\Terminals\TerminalActivatorA01\TerminalActivatorA01.nif","RL072SupervisorTerminal_Genesis"
0x002C2D58,"RL018SupervisorTerminal","Derek Jacobson's Computer","SetDressing\Terminals\TerminalActivatorA01\TerminalActivatorA01.nif","RL018SupervisorTerminal_Genesis"
0x002C53F7,"UC01_VanguardRegistrationTerminal_OLD","Vanguard Registration","SetDressing\Terminals\TerminalActivatorA01\TerminalActivatorA01.nif","UC01_VanguardRegistrationTerminal_MainMenu"
0x002C56CA,"RIR01_CeltCorpTerminal","Computer","SetDressing\Terminals\TerminalActivatorA01\TerminalActivatorA01.nif","RIR01_CeltCorpTerminal_Desktop"
0x002C5C0B,"MQ105AstralLoungeTerminal","Computer","SetDressing\Terminals\TerminalActivatorA01\TerminalActivatorA01.nif","MQ105AstralLoungeTerminal_Genesis"
0x002C5C45,"MQ105MusgroveTerminal","Computer","SetDressing\Terminals\stand_alone_terminal_01.nif","MQ105MusgroveTerminal_Genesis"
0x002C8D35,"LC093BarretTerminal","Personal Computer: Supervisor Lin","SetDressing\Terminals\TerminalActivatorA01\TerminalActivatorA01.nif","LC093BarretTerminal_Genesis"
0x002C9BFC,"RI01_InformationKiosk_Terminal","Ryujin Industries Kiosk","SetDressing\Kiosks\kioskgeninfo_terminal01a\KioskGenInfo_Terminal01A.nif","RI01_InformationKiosk_Desktop"
0x002CAD08,"SE_KT11_ShipComputer_Captain","Captain's Computer","setdressing/terminals/terminalsittingactivatora01\terminalsittingactivatora01.nif","SE_KT11_ExtremeHeat_CaptainTerminalGenesis"
0x002CAD0E,"SE_KT11_ShipComputer_Suruki","Dr. Suruki's Computer","setdressing/terminals/terminalsittingactivatora01\terminalsittingactivatora01.nif","SE_KT11_ExtremeHeat_SurukiTerminalGenesis"
0x002CB065,"City_NA_VaruunEmbassy_MuseumComputer","Embassy Artifact Info Kiosk","SetDressing\Terminals\TerminalActivatorA01\TerminalActivatorA01.nif","City_NA_VaruunEmbassyTerminalMenu"
0x002CC3DA,"RL064Terminal","Computer","SetDressing\Terminals\TerminalActivatorA01\TerminalActivatorA01.nif","RL064Terminal_Desktop"
0x002CDDF2,"MQ105JamesNewillTerminal","Computer","SetDressing\Terminals\TerminalActivatorA01\TerminalActivatorA01.nif","MQ105JamesNewillTerminal_Genesis"
0x002CF3BD,"DebugLocRefTypesTerminal","Computer","SetDressing\Terminals\TerminalActivatorA01\TerminalActivatorA01.nif","DebugLocRefTypesTerminal_Genesis"
0x002D1D29,"AkilaLife04_Computer","Filburn Agricultural Brewing Computer","SetDressing\Terminals\TerminalActivatorA01\TerminalActivatorA01.nif","AkilaLife04_Computer_Menu"
0x002D2617,"AkilaLife08_FarmingComputer","Filburn Automated Farming Computer","SetDressing\Terminals\TerminalActivatorA01\TerminalActivatorA01.nif","AkilaLife08_FarmingComputer_Menu"
0x002D4965,"LC168_StorageTerminal","Computer","SetDressing\Terminals\TerminalActivatorA01\TerminalActivatorA01.nif","LC168_StorageTerminal_Desktop"
0x002D592F,"LC175_FaunaTerminal","Fauna Control Computer","SetDressing\Terminals\TerminalActivatorA01\TerminalActivatorA01.nif","LC175_RE939_SecurityTerminalMenu01"
0x002D5930,"LC175_FloraTerminal","Flora Control Computer","SetDressing\Terminals\TerminalActivatorA01\TerminalActivatorA01.nif","LC175_RE939_SecurityTerminalMenu01"
0x002D5931,"LC175_RE939_ResidentialTerminal","Residential Computer","SetDressing\Terminals\TerminalActivatorA01\TerminalActivatorA01.nif","LC175_RE939_ResidentialTerminal01"
0x002D5932,"LC175_RE939_LabTerminal","Research Lab Computer","SetDressing\Terminals\TerminalActivatorA01\TerminalActivatorA01.nif","LC175_RE939_LabTerminal_Desktop"
0x002D5933,"LC175_CommandTerminal","Command Computer","SetDressing\Terminals\TerminalActivatorA01\TerminalActivatorA01.nif","LC175_RE939_CommandTerminal01"
0x002E89A8,"RM_MeiTerminal","Mei's Computer","SetDressing\Terminals\TerminalSittingActivatorA01\TerminalSittingActivatorA01.nif","RM_MeiTerminal_Menu"
0x002FED6B,"LC082_EngineeringTerminal","Engineering Station","SetDressing\terminals\consolekitterminal\ConsoleKit_TerminalBase01.nif","LC082_EngineeringTerminal_Desktop"
0x002FED6F,"LC082_Weapons_BaySecurityTerminal","Security Computer","SetDressing\terminals\consolekitterminal\ConsoleKit_TerminalBase01.nif","LC082_Weapons_BaySecurityTerminal_Desktop"
0x002FED72,"LC082_ToftQuartersTerminal","Lt. Toft's Personal Computer","setdressing/terminals/terminalsittingactivatora01\terminalsittingactivatora01.nif","LC082_ToftQuartersTerminal_Desktop"
0x002FED74,"LC082_IkandeQuartersTerminal","Cmdr. Ikande's Personal Computer","setdressing/terminals/terminalsittingactivatora01\terminalsittingactivatora01.nif","LC082_KibweQuartersTerminal_Desktop"
0x002FED7A,"LC082_OperationsCenterCommandTerminal","UC Vigilance Command Station","SetDressing\terminals\consolekitterminal\ConsoleKit_TerminalBase01.nif","LC082_OperationsCenterCommandTerminal_Desktop"
0x002FED7B,"LC082_RoboticsTerminal01","Robotics Bay Computer","SetDressing\terminals\consolekitterminal\ConsoleKit_TerminalBase01.nif","LC082_RoboticsTerminal_Desktop"
0x00311787,"LC051_Explosion_Computer","Power Station Controls","SetDressing\terminals\consolekitterminal\ConsoleKit_TerminalBase01.nif","LC051_Explosion_Desktop"
0x0031FF03,"LC043_SY02_DataAccessBasicRecordsTerminal","Data Access Computer","SetDressing\terminals\consolekitterminal\ConsoleKit_TerminalBase01.nif","LC043_SY02_DataAccessBasicRecordsTerminalMenu"
0x0031FF0A,"LC043_SY02_SecurityTerminal","Security Computer","SetDressing\terminals\consolekitterminal\ConsoleKit_TerminalBase01.nif","LC043_SY02_SecurityTerminalMenu"
0x0031FF13,"LC043_SY01_SecurityTerminal","Security Computer","SetDressing\terminals\consolekitterminal\ConsoleKit_TerminalBase01.nif","LC043_SY01_SecurityTerminalMenu"
0x00333CA1,"LC176_DefaultBlankTerminal","Bar Computer","SetDressing\Terminals\TerminalActivatorA01\TerminalActivatorA01.nif","LC176_BarTerminal_Desktop"
0x0034BF17,"NA_VaruunEmbassy_BalmorTerminal","Personal Computer","SetDressing\Terminals\TerminalActivatorA01\TerminalActivatorA01.nif","NA_VaruunEmbassy_BalmorTerminalMenu"
0x003546F6,"DefaultBlankComputer_DeskSitting_UsePackin","Computer","SetDressing\Terminals\TerminalSittingActivatorA01\TerminalSittingActivatorA01.nif","DefaultBlankTerminal_Genesis"
0x0036A2FC,"MQ302EclipticTerminal_ControlTower","Ecliptic Computer","SetDressing\terminals\consolekitterminal\ConsoleKit_TerminalBase01.nif","MQ302EclipticMenu_ControlTower"
0x0036A2FF,"MQ302EclipticTerminal_Pods","Ecliptic Computer","SetDressing\terminals\consolekitterminal\ConsoleKit_TerminalBase01.nif","MQ302EclipticMenu_Pods"
0x0036A305,"MQ302EclipticTerminal_EngineeringSecondary","Ecliptic Engineering Terminal","SetDressing\terminals\consolekitterminal\ConsoleKit_TerminalBase01.nif","DefaultBlankTerminal_Genesis"
0x0036A308,"MQ302EclipticTerminal_Engineering","Ecliptic Engineering Control Terminal","SetDressing\terminals\consolekitterminal\ConsoleKit_TerminalBase01.nif","MQ302EclipticMenu_Engineering"
0x0036A30C,"MQ302EclipticTerminal_SecurityStation","Ecliptic Security Station Computer","setdressing/terminals/terminalsittingactivatora01\terminalsittingactivatora01.nif","MQ302EclipticMenu_SecurityStation"
0x0036A313,"LC107_ReactorComputer","Reactor Computer","SetDressing\terminals\consolekitterminal\ConsoleKit_TerminalBase01.nif","LC107_ReactorComputer_Desktop"
0x0036A314,"LC107_CaptainsComputer","Captain Liang's Computer","setdressing/terminals/terminalsittingactivatora01\terminalsittingactivatora01.nif","LC107_CaptainsComputer_Desktop"
0x0036A319,"LC107_EngineRoomComputer","Engine Room Computer","SetDressing\terminals\consolekitterminal\ConsoleKit_TerminalBase01.nif","LC107_EngineRoomComputer_Desktop"
0x0036A31F,"LC107_GraviticsControlComputer","Gravitics System Computer","SetDressing\terminals\consolekitterminal\ConsoleKit_TerminalBase01.nif","LC107_GraviticsComputer_Desktop"
0x0036A322,"LC107_HydraulicsComputer","Hydraulics Computer","SetDressing\terminals\consolekitterminal\ConsoleKit_TerminalBase01.nif","LC107_HydraulicsComputer_Desktop"
0x0036A326,"LC107_ReactorControlComputer","Reactor Control Computer","SetDressing\terminals\consolekitterminal\ConsoleKit_TerminalBase01.nif","LC107_ReactorControlComputer_Desktop"
0x0036A328,"LC107_DockingPort04Computer","Docking Port 04 Computer","SetDressing\Terminals\TerminalActivatorA01\TerminalActivatorA01.nif","LC107_DockingPortComputer04_Desktop"
0x0036A32D,"LC107_DockingPort01Computer_Player","Docking Port 01 Computer","SetDressing\Terminals\TerminalActivatorA01\TerminalActivatorA01.nif","LC107_DockingPortComputer01_Desktop"
0x0036A32E,"LC107_DockingPort02Computer","Docking Port 02 Computer","SetDressing\Terminals\TerminalActivatorA01\TerminalActivatorA01.nif","LC107_DockingPortComputer02_Desktop"
0x0036A332,"LC107_VaultDoorControlComputer_Broken","Vault Door Computer","SetDressing\Terminals\TerminalActivatorA01\TerminalActivatorA01.nif","LC107_VaultDoorComputer_Broken_Desktop"
0x0036A333,"LC107_VaultControlRoomComputer","Vault Control Computer","SetDressing\terminals\consolekitterminal\ConsoleKit_TerminalBase01.nif","LC107_VaultControlRoomComputer_Desktop"
0x0036D86C,"SE_KT11_ExtremeHeat_DiagnosticTerminal","System Diagnostic Computer","SetDressing\Terminals\TerminalActivatorA01\TerminalActivatorA01.nif","SE_KT11_ExtremeHeat_DiagnosticTerminalGenesis"
0x0036E3E5,"CF06_FirstLabComputer","Technician Wanyan's Computer","SetDressing\Terminals\TerminalActivatorA01\TerminalActivatorA01.nif","CF06_FirstLabComputer_Desktop"
0x00370991,"SE_KT09_SmuggledCreatures_CaptainTerminal","Captain Soriano's Computer","SetDressing\Terminals\TerminalActivatorA01\TerminalActivatorA01.nif","SE_KT09_SmuggledCreatures_CaptainTerminal_Genesis"
0x00370998,"SE_KT07_RobotFriendFoe_CaptainTerminal","Captain Pietrus' Computer","SetDressing\Terminals\TerminalActivatorA01\TerminalActivatorA01.nif","SE_KT07_RobotFriendFoe_CaptainTerminal_Genesis"
0x003738A6,"LC102_Captain_Terminal","Captain Rokov's Computer","SetDressing\Terminals\TerminalActivatorA01\TerminalActivatorA01.nif","LC102_Captain_Computer_Desktop"
0x00374070,"CF06_EngineerComputer","Engineer O'Bannon's Computer","SetDressing\Terminals\TerminalActivatorA01\TerminalActivatorA01.nif","CF06_EngineerComputer_Desktop"
0x00374080,"LC107_DockingPort03Computer_Kryx","Docking Port 03 Computer","SetDressing\Terminals\TerminalActivatorA01\TerminalActivatorA01.nif","LC107_DockingPortComputer03_Kryx_Desktop"
0x00374D33,"SE_KT10_TurretAttack_Terminal","EARS Remote Turret Control","SetDressing\Terminals\TerminalActivatorA01\TerminalActivatorA01.nif","SE_KT10_TurretAttack_TerminalDesktop"
0x0037AF82,"CF06_LabSupervisorComputer","Supervisor Deshmukh's Computer","SetDressing\Terminals\TerminalActivatorA01\TerminalActivatorA01.nif","CF06_LabSupervisorComputer_Desktop"
0x0037C3A8,"REOverlayTerminalLiving","Computer","SetDressing\Terminals\TerminalActivatorA01\TerminalActivatorA01.nif","DefaultBlankTerminal_Genesis"
0x0037C3A9,"REOverlayTerminalWorking","Computer","SetDressing\Terminals\TerminalActivatorA01\TerminalActivatorA01.nif","DefaultBlankTerminal_Genesis"
0x0037D9DC,"HiveMined_ForemanComputer","Hephaestus Foreman Computer","SetDressing\Terminals\TerminalActivatorA01\TerminalActivatorA01.nif","HiveMined_ForemanComputer_Menu"
0x0037D9DF,"HiveMined_GeologistComputer","Computer","SetDressing\Terminals\TerminalActivatorA01\TerminalActivatorA01.nif","HiveMined_GeologistComputer_Menu"
0x003847B9,"RL082TerminalZeroGEnterDUPLICATE000","Zero-G Airlock Control","SetDressing\terminals\consolekitterminal\ConsoleKit_TerminalBase01.nif","RL082TerminalZeroGEnter_Genesis"
0x0038504C,"TheRock_AlexTerminalFurniture","Freestar Rangers Computer","setdressing/terminals/terminalsittingactivatora01\terminalsittingactivatora01.nif","TheRock_AlexMainTerminalMenu"
0x0038504D,"TheRock_HelgaTerminalFurniture","Freestar Rangers Computer","setdressing/terminals/terminalsittingactivatora01\terminalsittingactivatora01.nif","TheRock_HelgaMainTerminalMenu"
0x00386607,"SE_JM01_Terminalb","Computer","setdressing/terminals/terminalsittingactivatora01\terminalsittingactivatora01.nif","SE_JM01_Terminal_Genesis"
0x00386CCF,"BE_ShipComputer_DeskStanding","Computer","setdressing/terminals/terminalsittingactivatora01\terminalsittingactivatora01.nif","DefaultBlankTerminal_Genesis"
0x00386CD0,"BE_ShipComputer_BarStanding","Computer","SetDressing/Terminals/TerminalSittingActivatorA01/TerminalSittingActivatorB01.nif","DefaultBlankTerminal_Genesis"
0x00386CD2,"BE_ShipComputer_Standing","Computer","SetDressing\Terminals\TerminalActivatorA01\TerminalActivatorA01.nif","DefaultBlankTerminal_Genesis"
0x0038893C,"LC043_SY02_RecordsEmergencyAccessTerminal","Emergency Access Computer","SetDressing\Terminals\TerminalActivatorA01\TerminalActivatorA01.nif","LC043_SY02_RecordsEmergencyAccessTerminalMenu"
0x00388941,"LC082_IkandeOfficeTerminal","Commander's Office Terminal","setdressing/terminals/terminalsittingactivatora01\terminalsittingactivatora01.nif","LC082_IkandeOfficeTerminal_Desktop"
0x00388943,"LC082_DockingPortStatusTerminal_02","Docking Port Computer","SetDressing\Terminals\TerminalActivatorA01\TerminalActivatorA01.nif","LC082_DockingPortStatusTerminal_02_Desktop"
0x0038DD37,"Kiosk_Info_Akila_City","Akila City Information","SetDressing\Kiosks\kioskgeninfo_terminal01a\KioskGenInfo_Terminal01A.nif","Info_Kiosk_Akila_City_Menu"
0x0038DD3B,"Nova_Galactic_Terminal_1","Aisha Hunter's Personal Computer","SetDressing\Terminals\TerminalActivatorA01\TerminalActivatorA01.nif","Nova_Galactic_Terminal1_Menu"
0x0038DD3D,"Nova_Galactic_Terminal_2","Ship Engineering Computer","SetDressing\Terminals\TerminalActivatorA01\TerminalActivatorA01.nif","Nova_Galactic_Terminal2_Menu"
0x0038E34E,"DefaultBlankComputer_HackerStanding_UsePackin","Computer","SetDressing/Terminals/TerminalSittingActivatorH01/TerminalSittingActivatorH01.nif","DefaultBlankTerminal_Genesis"
0x0038E961,"LC176_JailTerminal","Jail Computer","SetDressing\Terminals\TerminalActivatorA01\TerminalActivatorA01.nif","LC176_JailTerminal_Desktop"
0x00390D84,"LC139Terminal","Computer","SetDressing\Terminals\TerminalActivatorA01\TerminalActivatorA01.nif","LC139Terminal_Desktop"
0x00394552,"UC01_NarionWar_Terminal","Computer","SetDressing\Terminals\TerminalActivatorA01\TerminalActivatorA01.nif","UC01_NarionWar_Terminal_MainMenu"
0x0039455C,"UC01_VanguardRegistrationTerminal","Vanguard Registration","setdressing/terminals/terminalsittingactivatora01\terminalsittingactivatora01.nif","UC01_VanguardRegistrationTerminal_MainMenu"
0x0039A1AE,"SE_CK02_Terminal_Standing01","Captain's Log","SetDressing\Terminals\TerminalActivatorA01\TerminalActivatorA01.nif","SE_CK02_DefaultBlankTerminal_Genesis"
0x003A2CFE,"City_NA_Well_TopherApartmentComputer","Topher's Inbox","SetDressing\Terminals\TerminalActivatorA01\TerminalActivatorA01.nif","City_NA_Well_TopherApartmentComputerMenu"
0x003A88D0,"UC02_LivestockScannerTerminal","Tau Gourmet :: Livestock","SetDressing\terminals\consolekitterminal\ConsoleKit_TerminalBase01.nif","UC02_LivestockScannerTerminal_MainMenu"
0x003B1AA7,"SE_KT13_CreatureCoccoon_ScientistTerminalB","Computer","setdressing/terminals/terminalsittingactivatora01\terminalsittingactivatora01.nif","SE_KT13_CreatureCoccoon_ScientistDesktop"
0x003B38F4,"SE_KT12_ShipComputer_DeskStanding","Computer","setdressing/terminals/terminalsittingactivatora01\terminalsittingactivatora01.nif","SE_KT12_CorrosiveGasFleetAttack_CaptainTerminal_Genesis"
0x003B4E3D,"FFNewAtlantis06_FunctionaryTerminal","Functionary Gershon's Computer","setdressing/terminals/terminalsittingactivatora01\terminalsittingactivatora01.nif","FFNewAtlantis_FunctionaryTerminal_Main"
0x003B5D0C,"SE_KT14_CaptainsComputer_ConsoleSitting","Captain Rakell's Computer","SetDressing\terminals\consolekitterminal\ConsoleKit_TerminalBase01.nif","SE_KT14_RobotCrewMutiny_CaptainTerminal_Genesis"
0x003B5D29,"SE_KT14_DefaultBlankComputer_DeskStanding_Medical","Dr. Farrow's Computer","setdressing/terminals/terminalsittingactivatora01\terminalsittingactivatora01.nif","SE_KT14_RobotCrewMutiny_MedicalTerminal_Genesis"
0x003B6FEF,"CF04_SafeAreaTerminal","Safe Room Computer","SetDressing\Terminals\TerminalActivatorA01\TerminalActivatorA01.nif","DefaultBlankTerminal_Genesis"
